����,���鵿,��ġ���,����,�浵,��ġ����,��ġ���
���,õ����,���浿 50-14,35.183983,128.084266,2018,2
���,õ����,���浿 32-26,35.185529,128.083044,2018,2
����,��ȣ��,���µ� �� 88-7,35.166399,128.104572,2022,3
����,��ȣ��,���µ� �� 88-7,35.165888,128.105001,2022,4
��̺�ȣ����,��ȣ��,��ȣ�� 1397-41 ,35.164168,128.110856,2022,2
��̺�ȣ����,��ȣ��,��ȣ�� 691,35.15974,128.109232,2022,3
��̺�ȣ����,��ȣ��,��ȣ��  622 ,35.160054,128.109199,2022,3
��̺�ȣ����,��ȣ��,��ȣ��  637-4 ,35.159468,128.107919,2022,3
���,õ����,���µ� 1267-2,35.164258,128.091285,2015,2
���,õ����,���浿 526-50,35.178443,128.086714,2015,1
��̺�ȣ����,��ȣ��,��ȣ�� 579-26,35.161615,128.112404,2022,4
���,õ����,���浿 102-7,35.185607,128.082583,2015,1
��̺�ȣ����,��ȣ��,��ȣ�� 954-14 ,35.148944,128.102945,2022,3
���,õ����,���浿 102-9,35.185508,128.082152,2015,1
��̺�ȣ����,��ȣ��,��ȣ�� 996-15 ,35.149961,128.103438,2022,4
��̺�ȣ����,��ȣ��,��ȣ�� 562-23 ,35.150057,128.102293,2022,2
�������,��ȣ��,���µ� 638-3,35.15862,128.107753,2012,7
����,��ȣ��,���µ� 479-2,35.154531,128.108699,2022,4
����,��ȣ��,���µ� 539,35.151258,128.10593,2021,3
����,��ȣ��,���µ� 540,35.15219,128.106693,2021,3
���,��ȣ��,ȣź�� 605-6,35.163286,128.114544,2022,5
���ι��,��ȣ��,��ȣ�� �� 86-1 ,35.167266,128.103944,2018,2
���ι��,��ȣ��,���µ� ��86-1 ,35.166131,128.105418,2019,2
���,��ȣ��,���µ� 1441-14,35.157747,128.106842,2017,4
����,��ȣ��,���µ� 1933,35.165411,128.111072,2023,5
���,õ����,ĥ�ϵ� 497-28 ,35.187947,128.088908,2018,2
����,��ȣ��,���µ� 1934,35.165566,128.110851,2023,3
���,��ȣ��,���µ� 1444-1,35.156573,128.104649,2015,3
���,��ȣ��,���µ� 1840,35.14532,128.101946,2023,3
���,��ȣ��,���µ� 1442-21,35.15715,128.106129,2023,2
���,��ȣ��,ȣź�� 986-1,35.164764,128.111256,2016,3
����,��ȣ��,���µ� 1438-7,35.158726,128.106096,2016,2
����,��ȣ��,���µ� 659-3,35.162334,128.108286,2016,2
����,��ȣ��,ȣź�� 638,35.164355,128.116819,2016,2
����,��ȣ��,���µ� 573-1,35.158393,128.108729,2017,2
���,���ϵ�,��� 442-6,35.194972,128.073693,2018,3
����,��ȣ��,���µ� 446-1,35.152229,128.106871,2016,2
���,��ȣ��,ȣź�� 627-4 ,35.162775,128.116948,2017,2
���,��ȣ��,���µ� 492-3 ,35.152014,128.106161,2017,2
���,��ȣ��,ȣź�� 628-6 ,35.163407,128.117429,2018,2
���,��ȣ��,���µ� �� 89,35.166273,128.103908,2018,1
����,��ȣ��,ȣź�� 604 ,35.163498,128.113416,2018,2
�������,��ȣ��,���µ� ��42,35.125326,128.111635,2019,4
���,��ȣ��,���µ� 480-5 ,35.153431,128.106514,2019,2
���ι��,��ȣ��,���µ� 455-10 ,35.155827,128.108761,2019,3
����,��ȣ��,���µ� 1432-1 ,35.160376,128.106608,2019,3
����,��ȣ��,���µ� 663 ,35.162428,128.111194,2019,2
����,��ȣ��,���µ� 684-2 ,35.161076,128.108392,2019,2
���,���ϵ�,�λ絿 253-3 ,35.191676,128.069741,2019,4
����,��ȣ��,ȣź�� 619-8 ,35.162405,128.114368,2019,4
����,��ȣ��,ȣź�� 977-5 ,35.163843,128.109489,2019,2
����,��ȣ��,���µ� 1890 ,35.14508,128.103883,2019,2
���,��ȣ��,ȣź�� 607-2,35.163839,128.115316,2019,4
���,��ȣ��,���µ� 510-22,35.152334,128.104655,2019,7
���,��ȣ��,���µ� 483-10,35.153171,128.107108,2019,2
���,�߾ӵ�,������ 19,35.198311,128.098839,2022,3
���,�߾ӵ�,������ 284,35.195886,128.087464,2018,2
���,�߾ӵ�,������ 797-1,35.191913,128.091085,2018,3
���,�߾ӵ�,��ȵ� 8-568,35.193677,128.085748,2018,1
���,�߾ӵ�,��ȵ� 17-11,35.194592,128.08258,2019,2
���,��ȣ��,���µ� 464,35.157241,128.108864,2019,2
���,�߾ӵ�,������ 34-7,35.195431,128.085562,2015,4
���,�߾ӵ�,������ 34-7,35.195626,128.086246,2015,3
���,�߾ӵ�,������ 34-7,35.195804,128.086917,2015,2
���,�߾ӵ�,������ 30-17,35.196613,128.085818,2015,2
���,�߾ӵ�,������ 30-17,35.196391,128.086464,2015,3
���,�߾ӵ�,������ 30-17,35.196352,128.085744,2015,3
���,�߾ӵ�,������ 30-17,35.19604,128.085318,2015,3
���,�߾ӵ�,������ 30-17,35.197398,128.084592,2015,3
���,�߾ӵ�,������ 30-17,35.196844,128.086251,2015,2
���,�߾ӵ�,������ 29-31,35.197357,128.086019,2015,1
���,�߾ӵ�,������ 29-31,35.197451,128.08617,2015,1
���,�߾ӵ�,������ 29-31,35.197868,128.085735,2015,1
���,�߾ӵ�,������ 29-31,35.197442,128.085534,2015,3
���,�߾ӵ�,��ȵ� 14-8,35.194393,128.083171,2018,4
���,��ȣ��,���µ� 654-6,35.162273,128.107302,2019,2
���,�߾ӵ�,������ 30-17,35.196354,128.087087,2015,1
���,��ȣ��,���µ� 479-24,35.15504,128.108892,2019,3
���,��ȣ��,���µ� 552-10,35.150337,128.10464,2019,4
���,��ȣ��,ȣź�� 643-8,35.164616,128.117707,2019,3
���,��ȣ��,ȣź�� 638,35.163964,128.116677,2019,2
���,��ȣ��,ȣź�� 602-2,35.164107,128.113102,2020,4
���ι��,��ȣ��,���µ� 486-1,35.153196,128.108769,2020,4
���,��ȣ��,���µ� 449-1,35.157386,128.107856,2019,3
����,��ȣ��,���µ� 436,35.151965,128.110715,2020,2
����,��ȣ��,���µ� 339.4,35.147925,128.108104,2020,2
���,��ȣ��,ȣź�� 625-1,35.16332,128.11649,2021,2
���,��ȣ��,��ȣ�� 803,35.161301,128.102683,2022,2
���,�߾ӵ�,������ 427-3,35.198947,128.087454,2016,3
�������,�߾ӵ�,�߾ӵ� 5-5,35.195581,128.08372,2018,2
�������ܼ�,��ȣ��,���µ� 1958,35.154793,128.117841,2019,5
�������ܼ�,��ȣ��,���µ� 2064-1,35.151997,128.115537,2019,4
����Ʈ������,��ȣ��,���µ� 996-12,35.152682,128.105689,2022,2
����Ʈ������,��ȣ��,���µ� 996-4,35.15542,128.107387,2022,1
����Ʈ������,��ȣ��,���µ� 510-22,35.15791,128.107528,2022,2
����Ʈ��,��ȣ��,���µ� 506-8,35.15614,128.10709,2022,1
����Ʈ��,��ȣ��,���µ� 1965,35.15286,128.11574,2022,1
����Ʈ��,��ȣ��,���µ� 758-2,35.16629,128.10459,2022,1
���,��ȣ��,���µ� 1705-2,35.151518,128.124287,2021,3
���ι��,��ȣ��,���µ� 996-16,35.146824,128.101046,2022,4
���,��ȣ��,���µ� 561-2,35.150798,128.105858,2022,3
���,��ȣ��,���µ� 1934-1,35.165904,128.109541,2022,3
���,��ȣ��,ȣź�� 547-1,35.164985,228.115061,2023,3
���,�߾ӵ�,��뵿 55-11,35.195446,128.087545,2019,2
���,�߾ӵ�,������ 565-4 ,35.19541,128.091201,2019,2
���,��ȣ��,���µ� 2043-1 ,35.150004,128.112862,2023,4
��̺�ȣ����,�ݰ��,�ݰ�� �ι��� 680-17,35.089542,128.185619,2022,3
��̺�ȣ����,�ݰ��,�ݰ�� �ι��� 652-7,35.089652,128.186854,2022,2
���,�����,����� 597-17,35.205066,128.073482,2018,2
��̺�ȣ����,�ݰ��,�ݰ�� �ι��� 646-10,35.090392,128.186941,2022,5
��̺�ȣ����,�ݰ��,�ݰ�� �ι��� 682-9 ,35.09007,128.18515,2022,2
���,�ݰ��,�ݰ�� ���ڸ� 700-1,35.134413,128.177087,2019,2
���,�ݰ��,������ 799,35.09254,128.1886,2021,2
���,�ݰ��,������ 1611-205,35.0897,128.18893,2021,2
���ι��,�ݰ��,�ݰ�� �˾ϸ� 1068-3,35.1154,128.185812,2022,4
���,�ݰ�� ,�ݰ�� �ι��� 621-7 ,35.091853,128.186198,2023,2
���,�ݰ�� ,�ݰ�� ���긮 211-1 ,35.073215,128.200296,2023,2
���,�ݻ��,�ݻ�� ��Ƹ� 1102-16,35.207494,128.151057,2016,1
���,�ݻ��,�ݻ�� ������ 1109-1 ,35.184144,128.156183,2018,1
���,�ݻ��,�ݻ�� ��縮 963-2 ,35.217624,128.145965,2019,3
����,�ݻ��,�ݻ�� ��õ�� 278-6 ,35.173774,128.131766,2019,2
��̺�ȣ����,�ݻ��,�ݻ�� ��縮 585-8,35.218518,128.159607,2022,4
��̺�ȣ����,�ݻ��,�ݻ�� ��縮 524-10,35.215644,128.155501,2022,1
��̺�ȣ����,�ݻ��,�ݻ�� �۹鸮 556-1,35.204828,128.134639,2022,3
��̺�ȣ����,�ݻ��,�ݻ�� ��õ�� 249-8 ,35.214797,128.144772,2022,4
��̺�ȣ����,�ݻ��,�ݻ�� ��õ�� 251,35.216613,128.143961,2022,3
��̺�ȣ����,�ݻ��,�ݻ�� ��縮 961,35.218646,128.142752,2022,4
��̺�ȣ����,�ݻ��,�ݻ�� ��縮 961,35.21932,128.143459,2022,3
��̺�ȣ����,�ݻ��,�ݻ�� ��縮 961,35.219228,128.144773,2022,4
���ι��,�ݻ��,�ݻ�� ��õ�� 242-5,35.214514,128.146148,2015,5
���,�ݻ��,�ݻ�� ��縮 810-4,35.220341,128.150654,2019,3
���,�ݻ��,�ݻ�� ���渮 72-7,35.232486,128.16529,2019,3
���,�ݻ��,�ݻ�� ��縮 2156-3,35.215176,128.14732,2019,4
����,�ݻ��,�ݻ�� ��Ƹ� 707,35.211556,128.154624,2020,12
���,�ݰ��,��õ�� 1175-21,35.211473,128.155444,2020,3
����,�ݻ��,��縮 516,35.22131,128.13013,2021,2
����,�ݻ��,��縮 516,35.21388,128.15561,2022,2
����,�ݻ��,��縮 516,35.2137,128.15551,2021,2
����,�ݻ��,��縮 516,35.21354,128.15688,2021,2
����Ʈ������,�ݻ��,�ݻ�� ��õ�� 234-4,35.21321,128.1584,2021,2
����Ʈ��,�ݻ��,�ݻ�� ��縮 515,35.214736,128.145711,2022,1
����Ʈ��,�ݻ��,�ݻ�� ��縮 510,35.21378,128.15501,2022,1
���,��뵿,��뵿 311-14 ,35.21356,128.15675,2022,2
����Ʈ��,�ݻ��,�ݻ�� ��Ƹ� 707,35.178761,128.114901,2017,2
���,�ݻ��,�ݻ�� ��õ�� 272-8 ,35.21127,128.15486,2022,5
���,�ݻ��,�ݻ�� ���渮 964-1 ,35.216872,128.140088,2022,2
���,�ݻ�� ,�ݻ�� ��Ƹ� 205-1 ,35.229127,128.152496,2023,3
���,�ݻ�� ,�ݻ�� ��õ�� 1026 ,35.201294,128.173867,2023,2
���,������,������ ���긮 516-14,35.214782,128.132945,2023,2
��̺�ȣ����,������,������ ���긮 568-4,35.162203,128.064005,2018,4
��̺�ȣ����,������,������ ���긮 568-4,35.163919,128.067704,2022,3
���ι��,������,������ ���긮 141-8,35.163253,128.067272,2022,4
���,������,������ ������ 474-2,35.158623,128.070001,2015,3
���ι��,������,������ ��踮 �� 202-10,35.15157,128.089759,2019,2
���ι��,������,������ ���긮 756,35.1484,128.0326,2021,2
���,������,������ ���긮 �� 46-2,35.14504,128.06142,2021,2
���,������,�����鵶�긮��113-3,35.14746,128.06297,2021,4
���ι��,������,������ ���� 811-1,35.131074,128.052182,2021,3
���,������, ������ ���긮 523-6,35.139562,128.005712,2022,1
���,������,������ ���긮 523-18,35.165874,128.066697,2022,2
���,������ ,������ ��踮 2-3 ,35.164815,128.06493,2022,2
���,�ϴ뵿,�ϴ뵿 708-2,35.153912,128.051404,2023,1
���,������ ,������ ��踮 995-3 ,35.187728,128.108207,2016,3
���,������ ,������ ������ 688-4 ,35.137529,128.029611,2023,3
���,����,���� ������ 314-2,35.13237,128.018472,2023,2
���,����,���� �ܸ� 1023-5 ,35.262,128.168354,2016,2
��̺�ȣ����,����,���� �ͷ渮 591,35.253408,128.148629,2017,3
���,�ϴ뵿,�ϴ뵿 103-82,35.256695,128.177922,2022,2
���,�ϴ뵿,�ϴ뵿 103-2,35.190019,128.124713,2018,3
��̺�ȣ����,����,���� �ͷ渮 591,35.189119,128.122547,2018,3
���ι��,����,���� �ͷ渮 57-1 ,35.257046,128.17695,2022,2
���,����,���� ������ 651-2,35.258205,128.183327,2017,3
���ι��,����,���� �ܸ� 897-2(�ܸ� 1694-14),35.289946,128.165188,2019,3
���ι��,����,���� ������ 538-1,35.25357,128.14881,2021,3
���,����,���� ��� 483-20,35.21802,128.214989,2021,2
���,����,���� 240-6,35.227339,128.194804,2021,1
������ȣ,����,���� ����� 24-9,35.169998,128.110225,2015,1
���,����,���� 240-8,35.261083,128.157464,2022,1
���ι��,����,���� ��� 265,35.169618,128.110227,2015,4
���,����,���� ��� 356-2 ,35.264062,128.155777,2022,2
���,�����,����� ���� 509,35.234544,128.196888,2023,4
���,�����,����� ���� 510,35.233924,127.95965,2022,1
���,�����,����� ���̸� 1317-1,35.233185,127.960295,2022,2
���,�����,����� ���� 537-5,35.1881,127.96747,2018,2
���,�����,����� ���� 297,35.231432,127.968733,2021,3
���ι��,�����,����� ���� 603-1,35.230014,127.962497,2022,3
���,�����,����� ���̸� 743-2 ,35.160813,127.988881,2023,3
��̺�ȣ����,������,������ ������ 668-2,35.253689,128.040612,2022,5
��̺�ȣ����,������,������ ����� 109,35.217836,128.040791,2022,3
���,������,������ ����� 721-1,35.215906,128.040954,2019,3
���ι��,������,������ ���̸� �� 234-2,35.24052,127.98629,2021,2
���ι��,������,������ ����� 291-7,35.26741,128.04419,2021,2
���ι��,������,������ ����� 291-7,35.26741,128.04419,2021,1
��̺�ȣ����,���嵿,���絿 582,35.217003,128.102602,2022,1
���,������,������ ����� 705-1,35.216726,128.031017,2021,3
���,������,������ ������ 208,35.23863,128.052573,2022,4
���,������,������ ������ 553-4 ,35.267764,128.050181,2023,2
���,���嵿,���絿 387-19 ,35.209809,128.101809,2018,2
��̺�ȣ����,������,������ �ҹ��� 114-13,35.170544,128.168946,2022,4
��̺�ȣ����,������,������ �ҹ��� 114-13,35.1712574,128.1689434,2022,4
��̺�ȣ����,������,������ �ҹ��� 225,35.171181,128.161557,2022,3
��̺�ȣ����,������,������ �ҹ��� 225,35.170672,128.163156,2022,4
��̺�ȣ����,������,������ �ҹ��� 225,35.170541,128.163655,2022,3
��̺�ȣ����,������,������ �� 706,35.164735,128.164891,2022,1
��̺�ȣ����,������,������ �� 706,35.164544,128.167527,2022,3
��̺�ȣ����,������,������ �� 706,35.164333,128.167236,2022,4
���ι��,������,������ �� 1182-56,35.167356,128.162856,2015,1
���ι��,������,������ ���긮 769-1(���긮825),35.16023,128.150895,2019,4
���ι��,������,������ �� 980-2,35.158795,128.16398,2019,4
���,��ŵ�,��ŵ� 960 ,35.168808,128.061353,2018,3
���,������,������ �ҹ��� 124,35.170184,128.167052,2019,4
���,������,������ �� 1664-3,35.160203,128.171567,2019,3
���,������,������ �� 1104-2,35.160159,128.164394,2019,1
���ι��,������,������ �󹮸� 208-3,35.16711,128.19487,2021,2
����,������,��640-7,35.167548,128.166276,2022,2
���,������,������ ��� 656-38,35.145869,128.211425,2021,3
���,�žȵ�,�žȵ� 28-3,35.183188,128.072345,2018,2
���ι��,������,������ �ҹ��� 153-34,35.17068,128.165091,2022,5
���,������,������ �ҹ��� 114-8 ,35.17051,128.168178,2023,2
���,������,������ �ҹ��� 153-86 ,35.171241,128.164536,2023,2
���,������,������ �� 585-4 ,35.170186,128.169649,2023,3
���,������,������ ������ 805-4 ,35.136429,128.190723,2023,3
���,������,������ ���긮 1236-4 ,35.157596,128.136505,2023,3
��̺�ȣ����,��õ��,��õ�� �Ȱ��� 797-5,35.318039,128.088786,2022,3
��̺�ȣ����,��õ��,��õ�� �Ȱ��� 797-5,35.318344,128.089817,2022,2
���,��õ��,��õ�� �����725,35.299135,128.116178,2019,3
���,��õ��,��õ�� ������ 288-2,35.271875,128.11458,2019,2
���ι��,��õ��,��õ�� ��縮 585-9,35.28983,128.10571,2021,2
���ι��,��õ��,��õ�� ����� 188-3,35.29726,128.14766,2021,2
���,��õ��,�Ȱ��� 1297,35.305615,128.078849,2021,2
���,��õ��,��õ�� ���縮 73-4 ,35.283446,128.122521,2023,2
���,��õ��,��õ�� ����� 676-2,35.302487,128.135197,2023,2
���,�����,����� ��� 627-38,35.196625,128.291509,2016,2
���,�����,����� ������ 459 ,35.218456,128.236834,2019,3
���,������,������ 12-1,35.191937,128.060809,2018,4
��̺�ȣ����,�����,����� �� 993-1,35.187693,128.269577,2022,4
��̺�ȣ����,�����,����� �� 1003,35.1871637,128.2681006,2022,1
���,�����,����� �� 1176-2,35.239554,128.085596,2019,3
���,������,������ 241-8,35.186354,128.06085,2016,2
���,�����,����� �ΰ踮 854-1,35.212227,128.310063,2021,2
���,�����,����� �ΰ踮 619-4,35.189027,128.312154,2022,3
���,�����,����� ������ 1074-12 ,35.204212,128.236327,2023,3
���,�����,����� ���̸� 552-3 ,35.198207,128.252839,2023,2
���,�����,����� ���̸� 278-1 ,35.178028,128.270546,2023,2
���,��뵿,��뵿 200-28,35.184925,128.114404,2018,4
���,��뵿,��뵿 274-8 ,35.180929,128.109496,2022,5
���,��뵿,��뵿 239-8,35.183587,128.113293,2017,4
���,��뵿,��뵿 272-23,35.182609,128.110654,2018,4
���,�ǹ���,�ǹ��� 269-48,35.167595,128.047067,2018,3
���,��뵿,��뵿 248-37,35.181902,128.111879,2016,4
���,��뵿,��뵿 515-7,35.18679,128.110237,2016,2
���,�ǹ���,�ǹ��� 146-1,35.175522,128.04038,2017,2
���,��뵿,��뵿 303-45 ,35.1800391,128.1148607,2023,2
���,��뵿,��뵿 308-57 ,35.180941,128.114813,2022,1
���,��뵿,��뵿  301-83,35.177577,128.115012,2017,4
����,��ȣ��,���µ� �� 88-7,35.166314,128.104843,2022,1
���,��뵿,��뵿 302-27,35.179438,128.113701,2021,3
���,��뵿,��뵿 305-24,35.181856,128.114727,2022,5
���,��뵿,��뵿 204-1,35.184867,128.116802,2021,2
���,��뵿,��뵿 196-13,35.185777,128.115772,2023,4
���,��뵿,��뵿 329-6,35.184229,128.118534,2016,2
��̺�ȣ����,��ȣ��,��ȣ�� 662-2 ,35.163179,128.111243,2022,2
���,��뵿,��뵿 33-18 ,35.182551,128.125183,2017,2
���,��뵿,��뵿 286-29,35.18097,128.105905,2017,2
���,��뵿,��뵿 306-38,35.183228,128.115838,2017,2
���,��뵿,��뵿 293-7 ,35.180725,128.102845,2018,3
���,��뵿,��뵿 311-14 ,35.178793,128.114938,2018,2
���,��뵿,��뵿 296-77 ,35.17847,128.10337,2019,2
���,��뵿,��뵿 300-48 ,35.178745,128.111952,2018,3
���,��뵿,��뵿 275-3 ,35.18114,128.110509,2019,3
���,��뵿,��뵿 311-51,35.177875,128.116662,2019,2
���,��ȣ��,ȣź�� 627-1,35.163408,128.116967,2017,1
�������,��뵿,��뵿 296-84,35.179238,128.102082,2012,3
��̺�ȣ����,��뵿,��뵿 645-9,35.182703,128.109236,2020,2
��̺�ȣ����,��뵿,��뵿 645-9,35.182555,128.107595,2020,2
��̺�ȣ����,��뵿,��뵿 645-9,35.183756,128.110161,2020,3
��̺�ȣ����,��뵿,��뵿 645-9,35.184407,128.109164,2020,2
��̺�ȣ����,��뵿,��뵿 33-106,35.181197,128.120041,2022,4
���ι��,��뵿,��뵿 312-13,35.178693,128.11768,2015,3
���ι��,��뵿,��뵿 325 ,35.184171,128.112032,2017,2
���,��뵿,��뵿 298-1 ,35.179678,128.110166,2017,1
���ι��,��뵿,��뵿 328-14 ,35.182101,128.117523,2019,4
���ι��,��뵿,��뵿 734-14,35.18153,128.101664,2019,2
���,��뵿,��뵿 734-22,35.181315,128.101298,2019,2
���,��뵿,��뵿 282-14,35.181756,128.10775,2019,2
���,��뵿,��뵿 191,35.187409,128.119204,2019,2
���,��뵿,��뵿 244-22,35.182698,128.112814,2019,2
���,��뵿,��뵿 291-4,35.180126,128.104386,2019,2
���,��뵿,��뵿 284,35.179792,128.109016,2020,2
���,��뵿,��뵿 511-3,35.18842,128.11431,2020,2
��ܰ���,��뵿,��뵿33-121,35.184106,128.125256,2020,1
��ܰ���,��뵿,��뵿 33-172,35.184106,128.125256,2020,3
��ܰ���,��뵿,��뵿 33-12,35.184236,128.12784,2020,2
���,��뵿,��뵿 402-4,35.185283,128.112534,2021,3
����Ʈ������,��뵿,��뵿 332-19,35.179645,128.108564,2022,2
����Ʈ������,��뵿,��뵿 334-1,35.179751,128.112204,2022,2
���,��뵿,��뵿284,35.17973,128.10948,2022,2
����,��뵿,���1�� 848,35.190737,128.09912,2022,2
���,���̸�,���̸� ���ϸ� 756-2,35.121327,128.094702,2014,2
���,��뵿,��뵿 615-14,35.183637,128.107799,2022,3
���,��뵿,��뵿 532 ,35.185525,128.110542,2023,2
���,�ݰ��,�ݰ�� �ι��� 806-1,35.082441,128.186798,2019,2
���,��뵿,��뵿 296-28,35.178682,128.10373,2023,2
���,��뵿,��뵿 301-25,35.178094,128.113176,2023,4
���,�����,����� 1432-6 ,35.19943,128.068273,2016,3
���,�����,����� 744-16 ,35.200992,128.067621,2022,4
���,�����,����� ��� 1004-3 ,35.199302,128.27805,2017,2
���,�����,����� �� 1169-2 ,35.186888,128.262202,2019,2
���,�����,����� 1016-9,35.198747,128.076989,2017,4
���,�����,����� 1010-2,35.198508,128.076231,2019,3
���,�����,����� 745-3,35.200518,128.067166,2023,2
���,�����,����� 832-4,35.199878,128.067792,2023,2
���,�����,����� 1104-6,35.1967,128.068469,2016,3
���,�ݻ��,�ݻ�� ��õ�� 413-5 ,35.214156,128.142594,2018,2
���,�����,����� 857-17,35.198198,128.078102,2016,4
���,�����,����� 1022-6,35.201262,128.074015,2017,2
���,�����,����� 848-9 ,35.198154,128.074103,2017,4
���,�����,����� 812-28 ,35.198089,128.078306,2017,2
���,��õ��,��õ�� �Ȱ��� �� 189-1,35.309938,128.088907,2016,2
���,������,������ ��긮 21-10,35.219983,128.030578,2016,2
���,������,������ ����� 62-5,35.278622,128.03578,2017,2
���,������,������ ���̸� 379-4,35.256068,127.995194,2019,3
���,�����,����� 1066-9 ,35.196784,128.072839,2017,2
���,�����,����� 1422-11 ,35.201386,128.074694,2017,2
���,�����,����� 925-2 ,35.199444,128.079614,2018,2
���,�����,����� 1102-37 ,35.195795,128.069443,2018,2
���,�����,����� 1065-10 ,35.197703,128.073608,2018,4
����,�߾ӵ�,������ 860,35.191483,128.100455,2022,3
���,�����,����� 588-3 ,35.205266,128.074402,2019,3
���,�����,����� 1451-14,35.201969,128.072423,2019,2
���,�����,����� 1038-1,35.19836,128.07522,2019,2
���,�����,����� 1451-1,35.202622,128.072858,2019,2
���,�����,����� 806-48,35.198288,128.069067,2019,2
���,�����,����� 1053-1,35.196857,128.075645,2019,3
����,�����,����� 1452 ,35.202056,128.073921,2022,4
����,�����,�����  831-1 ,35.202056,128.073921,2019,1
��̺�ȣ����,�����,����� 756-22,35.199893,128.069122,2021,1
����,����,���� 221-8,35.175855,128.108252,2022,1
��̺�ȣ����,�����,���ֽ� ����� 815-1,35.199832,128.070604,2021,3
����,����,���� 221-8,35.175612,128.104586,2022,2
��̺�ȣ����,�����,���ֽ� ����� 786-1,35.200076,128.071464,2021,2
��̺�ȣ����,�����,���ֽ� ����� 812-17,35.199451,128.071709,2021,2
��̺�ȣ����,�����,����� 1075-2,35.19744,128.071258,2022,5
���ι��,�����,����� 839-2,35.199836,128.07691,2015,1
����,���嵿,������ 1634-3,35.206903,128.115084,2022,2
���,�����,����� 896-6,35.200123,128.078589,2019,2
���,�����,����� 813-20,35.20015,128.07305,2019,4
���,�����,����� 1093-34,35.196664,128.070258,2019,4
����Ʈ��,�����,����� 1452,35.20173,128.07369,2022,2
���ι��,�����,����� 741-1 ,35.202559,128.067815,2022,4
���,�����,����� 1031-1,35.199163,128.074457,2022,6
���,�����,����� 916-7,35.198975,128.080392,2022,3
���,�����,����� 1451-34,35.201978,128.073451,2022,2
���,�����,����� 987-4 ,35.199162,128.082047,2023,2
�������,�����,����� 1019-21,35.199472,128.075427,2023,4
���,�����,����� 833-2 ,35.19868,128.067231,2023,3
���,����,���� 269-114,35.17629,128.104533,2017,4
���,����,���� 206-9,35.169933,128.112741,2018,4
���,����,���� 221-33 ,35.176388,128.109727,2021,2
���,����,���� 240-7,35.169812,128.1105,2023,2
���,����,���� 207-10,35.17061,128.113968,2016,2
���,����,���� 202-7,35.173396,128.113006,2016,4
����,�žȵ�,�žȵ� 710-3,35.177036,128.067824,2022,2
���,����,���� 256-2,35.16849,128.114939,2016,1
���,����,���� 266-23,35.173281,128.107261,2016,2
���,����,���� 206-10,35.16996,128.11362,2016,2
���,����,���� 197-43,35.176683,128.115138,2017,2
���,����,���� 55,35.177967,128.120262,2017,2
���,����,���� 234-3 ,35.17094,128.107427,2017,2
���,����,���� 218-5,35.178585,128.110402,2018,2
���,����,���� 167-4 ,35.169946,128.116849,2018,2
���,����,���� 220-16 ,35.177403,128.108285,2019,2
����,����,���� 221-8,35.17594,128.108356,2022,4
���,��ȣ��,���µ� 453-6,35.156577,128.108331,2017,2
����,����,���� 221-8,35.175502,128.105215,2022,4
����,����,���� 313-1,35.173072,128.124387,2022,3
��̺�ȣ����,����,���� 278-1,35.175038,128.102107,2021,2
��̺�ȣ����,����,���� 278-1,35.174051,128.102065,2021,3
���,��ȣ��,���µ� 1267-2,35.160557,128.095994,2015,2
��̺�ȣ����,����,���� 278-1,35.173763,128.100537,2021,2
��̺�ȣ����,����,���� 278-1,35.172787,128.101407,2021,2
��̺�ȣ����,����,���� 278-1,35.174881,128.100082,2021,1
���ι��,����,���� 218-1,35.177611,128.111218,2015,1
���ι��,����,���� 270-37 ,35.177999,128.107009,2017,2
���,��ȣ��,���µ� 1429-1,35.163289,128.104922,2016,2
���ι��,����,���� 198-43 ,35.176612,128.112502,2018,2
���ι��,����,���� 156-4 ,35.17386,128.117747,2019,4
���ι��,����,���� 195-1 ,35.175744,128.117071,2019,2
���ι��,����,���� 55-41,35.174712,128.128501,2020,2
���,����,���� 160-2,35.170248,128.121028,2019,4
���,����,���� 279-15,35.174127,128.104664,2019,4
���,����,���� 309-1,35.171745,128.123278,2019,2
���,����,���� 55-48,35.174411,128.125736,2019,3
���,����,���� 159-3,35.170132,128.119286,2019,4
��ܰ���,����,��뵿 33-18,35.182796,128.125179,2019,5
��ܰ���,����,��뵿 33-90,35.182621,128.128131,2019,4
��ܰ���,����,��뵿 33-180,35.178315,128.128402,2019,5
��ܰ���,����,��뵿 33-180,35.178436,128.125489,2019,4
��ܰ���,����,���� 55-14,35.177047,128.120307,2019,5
��ܰ���,����,��뵿 33-125,35.179051,128.120348,2019,4
��ܰ���,����,���� 234-16,35.171885,128.105174,2019,4
��ܰ���,����,���� 235-2,35.171692,128.107476,2019,5
��ܰ���,����,���� 224-2,35.17188,128.110096,2019,4
��ܰ���,����,���� 203-24,35.172058,128.112719,2019,4
��ܰ���,����,���� 202-13,35.17234,128.115397,2019,4
��ܰ���,����,���� 194-13,35.174314,128.115214,2019,5
����,�湫����,�湫���� 224,35.17857,128.142151,2022,3
��ܰ���,����,���� 215-22,35.174349,128.112267,2019,4
��ܰ���,����,���� 223-2,35.174216,128.109555,2019,5
��ܰ���,����,���� 267-9,35.174258,128.107294,2019,2
��ܰ���,����,���� 155-21,35.174656,128.118368,2019,2
��ܰ���,����,���� 155-4,35.174858,128.12043,2019,3
��ܰ���,����,���� 157-4,35.172503,128.120274,2019,3
��ܰ���,����,���� 158-13,35.172425,128.118181,2019,1
��ܰ���,����,���� 314-9,35.17254,128.124809,2019,3
��ܰ���,����,���� 55-40,35.170249,128.120494,2019,2
��ܰ���,����,���� 205-24,35.170085,128.115494,2019,3
��ܰ���,����,���� 245-6,35.169446,128.111559,2019,4
��ܰ���,����,���� 232-1,35.170174,128.106616,2019,4
��ܰ���,����,���� 55-54,35.176359,128.128144,2020,3
��ܰ���,����,���� 278-6,35.172641,128.099948,2020,3
���,����,���� 371-1,35.174039,128.12802,2020,3
���,����,���� 553-10,35.167855,128.115766,2020,3
���,����,���� 478-9,35.168749,128.120585,2020,3
�������,��ŵ�,��ŵ� 602-9,35.168568,128.064792,2013,5
���,����,���� 1067-183,35.17838,128.13017,2021,2
���,����,���� 166-6,35.17007,128.11743,2021,2
����Ʈ��,����,���� 221-8,35.17556,128.10805,2022,2
���,����,���� 274-1 ,35.176029,128.101911,2023,3
���,����,���� 257-2 ,35.168787,128.114676,2023,2
���,���ϵ�,���ֽ� �λ絿 131-93,35.192706,128.075387,2018,2
���,���ϵ�,���ϵ� 120-16 ,35.19222,128.075368,2023,4
���,���ϵ�,���ϵ� 467-9 ,35.192929,128.074584,2022,2
���,���ϵ�,������ 6-1,35.191339,128.08271,2018,2
�������,�湫����,�湫���� 42,35.176265,128.135291,2014,2
���,���ϵ�,����� 1004-26,35.1968,128.077686,2022,4
���,���ϵ�,�λ絿 189-17,35.19211,128.069802,2016,3
���,���ϵ�,�λ絿 146-26,35.19213,128.073179,2016,2
�������,�湫����,�湫���� 161,35.164018,128.126796,2018,3
�������,�湫����,�湫���� 41,35.17633,128.131963,2019,5
�������,�湫����,�湫���� 286,35.176182,128.144912,2018,4
�������,���̸�,���̸� ���ϸ� 1280-5,35.12949,128.099474,2014,4
���,���ϵ�,�赿 121-1,35.196061,128.08105,2016,2
���,���ϵ�,�λ絿 186-30,35.191169,128.070221,2016,3
��̺�ȣ����,õ����,���浿 490,35.17895,128.084692,2021,2
��̺�ȣ����,õ����,���浿 490,35.180036,128.084148,2021,2
���,���ϵ�,��� 479-13 ,35.192565,128.0719,2017,2
���,���ϵ�,��ȵ� 219 ,35.19598,128.082147,2017,2
���,���ϵ�,�λ絿 150-1,35.191331,128.073556,2017,3
��̺�ȣ����,õ����,ĥ�ϵ� 237-2,35.186638,128.089485,2021,2
���,���ϵ�,������ 2-14,35.191963,128.082398,2017,2
���,���ϵ�,�赿 22 ,35.197462,128.080537,2018,2
���,���ϵ�,�λ絿 161-7 ,35.188986,128.073648,2018,3
���,���ϵ�,����� 1003-1 ,35.19797,128.079722,2019,2
��̺�ȣ����,õ����,�־ൿ 360-12,35.173246,128.092671,2021,2
��̺�ȣ����,���ϵ�,��� 465-1,35.193534,128.074513,2022,4
��̺�ȣ����,���ϵ�,��� 465-3,35.194004,128.075751,2022,2
��̺�ȣ����,õ����,õ���� 342-4 ,35.172908,128.091094,2021,2
��̺�ȣ����,���ϵ�,��� 465-4,35.194451,128.07414,2022,3
��̺�ȣ����,���ϵ�,��� 465-1,35.193374,128.074163,2022,3
��̺�ȣ����,���ϵ�,��� 465-2,35.193762,128.074914,2022,1
��̺�ȣ����,���ϵ�,��� 465-2,35.194679,128.074724,2022,1
��̺�ȣ����,���ϵ�,��� 465-3,35.194493,128.073699,2022,1
��̺�ȣ����,���ϵ�,�λ絿 1-25,35.192158,128.079137,2020,4
��̺�ȣ����,���ϵ�,�λ絿 1-27,35.192045,128.078786,2020,1
��̺�ȣ����,���ϵ�,�λ絿 1-29,35.19309,128.077626,2020,3
���ι��,���ϵ�,�赿 35-1,35.196753,128.080315,2016,3
��̺�ȣ����,���ϵ�,�λ絿 1-26,35.193054,128.079048,2020,1
���ι��,���ϵ�,�λ絿 143-24 ,35.190126,128.074458,2017,4
��̺�ȣ����,���ϵ�,�λ絿 1-28,35.192481,128.077936,2020,1
���ι��,���ϵ�,��� 476-4 ,35.194281,128.071516,2018,4
���ι��,���ϵ�,������ 1-8 ,35.191456,128.07903,2019,2
���,���ϵ�,��� 474-35,35.195472,128.072204,2019,3
���,���ϵ�,��� 478-16,35.193729,128.072737,2019,4
��̺�ȣ����,�߾ӵ�,������ 27-5,35.199181,128.088078,2021,2
���,���ϵ�,�λ絿 137-18,35.191016,128.075856,2019,3
���,���ϵ�,�߾ȵ� 202 ,35.193848,128.079399,2019,2
���,���ϵ�,�λ絿 143-132,35.191147,128.07409,2019,4
���,���ϵ�,�λ絿 191-11,35.191443,128.070994,2019,3
��̺�ȣ����,�����,����� 801-1,35.199884,128.071528,2021,1
���,���ϵ�,��� 19-11,35.193973,128.077963,2019,2
���,���ϵ�,��� 18-1,35.19512,128.078279,2019,2
���,���ϵ�,�λ絿 5-5,35.193095,128.077017,2019,3
���,���ϵ�,�λ絿 189-9,35.192984,128.07,2020,2
���,���ϵ�,������ 12-16,35.191445,128.080669,2020,2
���,���ϵ�,�߾ȵ� 109,35.19464,128.08055,2021,4
��̺�ȣ����,��뵿,��뵿 645-9,35.183581,128.108281,2020,1
���,���ϵ�,��� 24-4,35.19648,128.07628,2021,2
��̺�ȣ����,��뵿,��뵿 33-106,35.181339,128.119993,2022,1
����Ʈ��,���ϵ�,�߾ȵ� 12-13,35.192683,128.082809,2022,1
����Ʈ��,���ϵ�,�߾ȵ� 10,35.192687,128.081192,2022,2
����Ʈ��,���ϵ�,�߾ȵ� 15-16,35.192467,128.080437,2022,1
����Ʈ��,���ϵ�,������1-12,35.19102,128.079206,2022,1
����Ʈ��,���ϵ�,�λ絿1-24,35.193195,128.078995,2022,2
����Ʈ��,���ϵ�,���ֽ� ������ 3-13,35.191225,128.081855,2022,2
���,���ϵ�,��� 470-6,35.19414,128.073227,2022,3
���,���ϵ�,��� 483-7,35.193176,128.071114,2022,2
���,���ϵ�,�λ絿 196-8,35.190638,128.072609,2022,3
���,���ϵ�,�߾ȵ� 162 ,35.194719,128.079287,2023,2
���,���ϵ�,�λ絿 192-14,35.190489,128.071191,2023,4
���,���ϵ�,��� 473-7 ,35.195182,128.072634,2023,2
��̺�ȣ����,�����,����� ��õ�� 98-1,35.200683,127.931594,2022,4
��̺�ȣ����,�����,����� ��õ�� 98-1,35.2011831,127.9316202,2022,1
��̺�ȣ����,�ϴ뵿,������ 405-1,35.19409,128.125643,2021,1
���,�����,����� �� 582,35.215785,127.922562,2019,2
��̺�ȣ����,�ϴ뵿,�ϴ뵿 119-1,35.186767,128.123857,2020,2
��̺�ȣ����,�ϴ뵿,�ϴ뵿 119-1,35.186531,128.123639,2020,1
��̺�ȣ����,�ϴ뵿,�ϴ뵿 119-1,35.187914,128.124999,2020,1
���,�����,����� â�̸� 270-2,35.18186,127.92065,2021,3
���ι��,�����,����� �� 231-3,35.20808,127.93344,2021,2
��̺�ȣ����,�ϴ뵿,�ϴ뵿 119-1,35.187914,128.124999,2020,2
���ι��,�����,����� �� 231-3,35.20808,127.93344,2021,1
���,�����,����� ��õ�� 431-11 ,35.197803,127.928957,2023,2
��̺�ȣ����,����,���� 278-1,35.173888,128.100607,2021,1
���,�����,����� ������ 614-9 ,35.17155,127.951073,2023,3
���,�žȵ�,�žȵ� 396-41,35.182659,128.063515,2022,5
���,�žȵ�,�žȵ� 782-20,35.179762,128.062235,2023,3
���,�žȵ�,�žȵ� 25-18,35.183653,128.072699,2022,4
��̺�ȣ����,���嵿,������ 1634-1,35.208239,128.113989,2022,2
���,�žȵ�,�žȵ� 425-2,35.182731,128.066027,2018,2
���,�žȵ�,�žȵ� 388-8 ,35.183466,128.066608,2021,4
���,�žȵ�,�žȵ� 3-6,35.190513,128.069615,2022,5
���,�žȵ�,������ 92-48,35.183401,128.064877,2023,3
��̺�ȣ����,���嵿,������ 686-1,35.198471,128.114241,2021,1
��̺�ȣ����,���嵿,������ 686-1,35.198617,128.115777,2021,2
���,�žȵ�,�žȵ� 19-25,35.185814,128.071314,2016,2
���,�žȵ�,�žȵ� 875-2,35.180269,128.055826,2016,1
���,�žȵ�,�žȵ� 457-8,35.180269,128.055826,2017,2
���,�žȵ�,�žȵ� 581-8,35.178721,128.064851,2017,3
��̺�ȣ����,��ŵ�,��ŵ� 748-4,35.174017,128.066357,2020,2
��̺�ȣ����,��ŵ�,��ŵ� 748-4,35.174209,128.065563,2020,1
���,�žȵ�,�žȵ� 4-3,35.190066,128.07028,2017,2
���,�žȵ�,�žȵ� 443-11,35.183612,128.069725,2018,2
���,�žȵ�,�žȵ� 7-2,35.189027,128.06952,2018,3
��̺�ȣ����,��ŵ�,��ŵ� 748-4,35.174005,128.064792,2020,1
��̺�ȣ����,�žȵ�, �žȵ� 710-2,35.177118,128.067265,2022,3
��̺�ȣ����,�žȵ�,�žȵ� 707-5,35.177535,128.067197,2020,1
���,�žȵ�,�žȵ� 460-13,35.179674,128.069857,2018,3
���,�žȵ�,�žȵ� 705-1,35.177771,128.065264,2018,2
���,�žȵ�,�žȵ� 724-5,35.176067,128.068951,2018,3
��̺�ȣ����,�žȵ�,�žȵ� 475,35.183045,128.068438,2021,1
���,�žȵ�,�žȵ� 33-16,35.180982,128.072604,2019,2
���,�žȵ�,�žȵ� 15-63,35.186676,128.072773,2019,2
����,�žȵ�,�žȵ� 705-2,35.177444,128.065587,2022,4
����,�žȵ�,�žȵ� 451,35.181803,128.068097,2017,3
����,�žȵ�,�žȵ� 708-2,35.181803,128.068097,2019,2
��̺�ȣ����,�žȵ�,�žȵ� 454-4,35.181712,128.068058,2021,3
����,�žȵ�,�žȵ� 707-3 ,35.181803,128.068097,2019,2
�������,�žȵ�,�žȵ� 288-1,35.185128,128.075581,2012,4
��̺�ȣ����,�žȵ�,�žȵ� 380,35.1853,128.068915,2021,2
��̺�ȣ����,�žȵ�,�žȵ� 380,35.18667,128.068305,2021,3
��̺�ȣ����,�žȵ�,�žȵ� 710-1,35.176075,128.066446,2020,1
��̺�ȣ����,�žȵ�,�žȵ� 380,35.184307,128.066864,2021,1
��̺�ȣ����,�žȵ�,�žȵ� 446-6,35.18315,128.069094,2021,4
��̺�ȣ����,������,������ 365-2,35.18978,128.056139,2022,2
��̺�ȣ����,�žȵ�, �žȵ� 447-1,35.183493,128.068423,2021,1
��̺�ȣ����,�žȵ�,�žȵ� 475,35.181748,128.069624,2021,1
��̺�ȣ����,�žȵ�,�žȵ� 475,35.182357,128.069223,2021,1
��̺�ȣ����,�žȵ�,�žȵ� 475,35.181828,128.068562,2021,2
��̺�ȣ����,�žȵ�,�žȵ� 475,35.183031,128.068186,2021,2
��̺�ȣ����,�žȵ�,�žȵ� 710-1,35.175748,128.067683,2020,4
��̺�ȣ����,�ǹ���,��ŵ� 1065-148,35.1659326,128.0398232,2022,1
��̺�ȣ����,�žȵ�,�žȵ� 710-1,35.176617,128.068263,2020,3
��̺�ȣ����,�žȵ�,�žȵ� 710-1,35.176002,128.06687,2020,1
��̺�ȣ����,�ǹ���,�ǹ��� 290,35.167531,128.045402,2022,2
��̺�ȣ����,�žȵ�,�žȵ� 710-1,35.177681,128.067655,2020,1
��̺�ȣ����,�ǹ���,�ǹ��� 290,35.16836,128.044501,2021,2
�������ܼ�,�žȵ�,�žȵ� 11-74,35.187739,128.070558,2021,1
���ι��,�žȵ�,�žȵ� 12-24,35.186767,128.069723,2015,1
���ι��,�žȵ�,�žȵ� 26-39 ,35.182922,128.074054,2017,2
���ι��,�žȵ�,�žȵ� 454-3 ,35.180402,128.067505,2019,3
���,�žȵ�,�žȵ� 469-10,35.178787,128.070591,2019,2
���,�žȵ�,�žȵ� 766-3,35.178235,128.063142,2019,2
���,�žȵ�,�žȵ� 463-2,35.179773,128.0685,2019,2
��̺�ȣ����,�ǹ���,��ŵ� 800,35.168641,128.057996,2014,1
���,�žȵ�,�žȵ� 892-6,35.178745,128.062753,2019,2
���,�žȵ�,�žȵ� 819-1,35.178933,128.060714,2019,2
��̺�ȣ����,�ǹ���,��ŵ� 800,35.169667,128.056489,2014,1
���,�žȵ�,�žȵ� 465-14,35.178993,128.069704,2019,3
���ι��,��ȣ��,ȣź�� �� 141-2 ,35.158633,128.119042,2019,1
���,�žȵ�,�žȵ� 780-21,35.17919,128.062173,2020,2
����Ʈ������,�žȵ�,�žȵ� 341,35.180592,128.065856,2022,2
����Ʈ������,�žȵ�,�žȵ� 46,35.186333,128.069691,2022,2
����Ʈ��,�žȵ�,�žȵ� 708-3,35.17744,128.07068,2022,2
���ι��,�žȵ�,������ 545-7 ,35.186679,128.07403,2022,4
���,�žȵ�,�žȵ� 30-5,35.182491,128.071759,2022,5
���,�žȵ�,�žȵ� 724-16,35.175837,128.068602,2022,5
���,�žȵ�,�žȵ� 461-12,35.179854,128.069145,2022,4
���,�žȵ�,�žȵ� 892-1,35.179549,128.063154,2022,4
���,�žȵ�,�žȵ� 16-15 ,35.186782,128.073187,2023,2
��̺�ȣ����,�̹ݼ���,�̹ݼ��� �ϰ 977,35.172719,128.328001,2022,4
��̺�ȣ����,�̹ݼ���,�̹ݼ��� �ϰ 977,35.171876,128.327509,2022,3
���,�̹ݼ���,�̹ݼ��� �߻긮 559-3,35.14264,128.342776,2019,2
���ι��,�̹ݼ���,�̹ݼ��� ���긮 566-8,35.153208,128.314279,2019,3
���ι��,�̹ݼ���,�̹ݼ��� ��ϸ� 280-8,35.168146,128.326323,2022,3
���ι��,�̹ݼ���,�̹ݼ��� ��ϸ� 280-8,35.168146,128.326323,2022,2
���,�̹ݼ���,�̹ݼ��� ��ȸ� 958-1 ,35.193411,128.347094,2023,2
���,�̹ݼ���,�̹ݼ��� �漺�� 573-2,35.139644,128.328749,2023,2
���,������,������ 296-5,35.187544,128.059534,2022,4
���,������,������ 22-1,35.191026,128.064106,2021,4
���,������,��� 431,35.195179,128.059278,2018,1
���,������,��� 435-2,35.195093,128.060156,2018,1
���,������,������ 87-3,35.180283,128.055842,2016,1
���,������,������ 102-42,35.185478,128.064961,2017,2
��̺�ȣ����,������,������ ���긮 568-4,35.165445,128.067251,2022,2
���,������,������ 115-37,35.184245,128.063236,2017,2
��̺�ȣ����,���̸�,���̸� ������ 1150,35.136469,128.14287,2022,1
���,������,������ 14-14 ,35.192706,128.062352,2017,2
���,������,������ 7-6  ,35.192087,128.057375,2018,2
���,������,��� 22-1,35.195234,128.06748,2018,3
���,������,������ 31-1 ,35.192001,128.067484,2018,2
���,������,������ 98-5 ,35.187282,128.06421,2018,2
���,������,������ 101-23,35.185851,128.062556,2019,3
����,������,������ 1196 ,35.202056,128.073921,2017,3
��̺�ȣ����,������,������ 365-2,35.188976,128.056566,2022,4
��̺�ȣ����,������,������ 365-2,35.1876153,128.0566084,2022,3
��̺�ȣ����,������,������ 25-1,35.190334,128.062904,2021,2
��̺�ȣ����,������,������ ���̸� 541-2,35.16931,128.22478,2022,1
��̺�ȣ����,������,������ 25-1,35.191839,128.062628,2021,2
��̺�ȣ����,������,������ 945-1,35.20229,128.047334,2018,2
��̺�ȣ����,������,������ 14-7,35.193194,128.061917,2018,2
���,������,������ 15-18,35.192863,128.063948,2019,2
��̺�ȣ����,�̹ݼ���,�̹ݼ��� �ϰ 977,35.1738872,128.3283055,2022,1
���,������,������ 526-4,35.194148,128.053882,2019,2
���,������,������ 115-5,35.185661,128.064159,2019,3
��̺�ȣ����,�����,����� �� 496,35.1884746,128.2716572,2022,1
���,������,������ 29-14,35.190894,128.067347,2020,4
��̺�ȣ����,�����,����� �� 990,35.1886784,128.2698736,2022,1
���,������,������ 102-15,35.18491,128.06489,2021,3
��̺�ȣ����,������,������ �л縮 1065-1,35.2335265,128.251251,2022,1
��̺�ȣ����,������,������ �л縮 1065-1,35.230433,128.2510149,2022,1
���,������,���31-2,35.19406,128.06714,2022,1
���,������,��� 10-10,35.19641,128.06728,2022,1
��̺�ȣ����,����,���� �ͷ渮 591,35.257398,128.175495,2022,2
��̺�ȣ����,�ݻ��,�ݻ�� ��縮 585-8,35.219098,128.161144,2022,3
���,������,������ 813-3,35.205596,128.04929,2021,1
��̺�ȣ����,�ݻ��,�ݻ�� ��縮 585-8,35.218209,128.159509,2022,1
���,������,������ 235-1,35.187466,128.059563,2022,3
��̺�ȣ����,�ݻ��,�ݻ�� ��縮 524-10,35.215896,128.156073,2022,2
��̺�ȣ����,�ݻ��,�ݻ�� ��縮 524-10,35.216237,128.156797,2022,1
��̺�ȣ����,�ݻ��,�ݻ�� �۹鸮 556-1,35.20452,128.135004,2022,1
���,������,������ 11-72 ,35.19789,128.055796,2023,5
��̺�ȣ����,�ݻ��,�ݻ�� �۹鸮 556-1,35.205257,128.1348,2022,1
��̺�ȣ����,�ݻ��,�ݻ�� ��õ�� 248-3,35.214507,128.144053,2022,1
���,������,������ 285-1 ,35.192584,128.062029,2023,2
��̺�ȣ����,�ݻ��,�ݻ�� ��õ�� 975 ,35.215523,128.144892,2022,2
��̺�ȣ����,�ݻ��,�ݻ�� ��õ�� 251,35.215931,128.144118,2022,2
���,�Ϲݼ���,�Ϲݼ��� â�̸� 751-2,35.173524,128.275164,2016,2
���,�Ϲݼ���,�Ϲݼ��� ��õ�� 883-2,35.173803,128.261315,2018,4
��̺�ȣ����,�ݻ��,�ݻ�� ��縮 961,35.218931,128.142231,2022,2
���,�Ϲݼ���,�Ϲݼ��� â�̸� 655-2,35.169868,128.278573,2019,2
��̺�ȣ����,�Ϲݼ���,�Ϲݼ��� ���ϸ� 795-1,35.169732,128.286647,2022,4
��̺�ȣ����,�Ϲݼ���,�Ϲݼ��� ���ϸ� 805-3,35.168907,128.285996,2022,2
��̺�ȣ����,�Ϲݼ���,�Ϲݼ��� ���ϸ� 805-3,35.170122,128.286068,2022,2
��̺�ȣ����,������,������ ������ 125,35.241319,128.093399,2022,1
��̺�ȣ����,������,������ ������ 125,35.239675,128.092486,2022,2
���,�Ϲݼ���,�Ϲݼ��� â�̸� 728-8,35.172726,128.275444,2019,2
���,�Ϲݼ���,�Ϲݼ��� â�̸� 46-5,35.171063,128.283277,2019,3
��̺�ȣ����,��õ��,��õ�� �Ȱ��� 797-5,35.317728,128.088044,2022,1
���ι��,�Ϲݼ���,�Ϲݼ��� â�̸� 729-2,35.171104,128.276715,2022,5
��̺�ȣ����,������,������ ������ 668-2,35.2545822,128.0402792,2022,1
��̺�ȣ����,������,������ ������ 668-2,35.252552,128.041154,2022,1
���,�Ϲݼ���,�Ϲݼ��� â�̸� 593-1 ,35.171773,128.279429,2023,2
��̺�ȣ����,������,������ ����� 109,35.218276,128.040735,2022,1
���,�Ϲݼ���,�Ϲݼ��� ���ϸ� 223-1 ,35.167355,128.293244,2023,4
��̺�ȣ����,�����,����� ��õ�� 98-1,35.19963,127.931337,2022,1
���,õ����,������ 168-2,35.183529,128.086591,2022,2
���,�߾ӵ�,������ 23-6,35.197092,128.087346,2012,1
���,�����,����� 1092-32,35.197469,128.07122,2018,1
���,�ϴ뵿,�ϴ뵿 114-12,35.188388,128.124747,2017,1
����,����,���� 251-7,35.169543,128.114201,2021,3
���,���嵿,������ 1426-5,35.207853,128.109716,2012,1
���,������,������ 21-6,35.191487,128.065766,2022,3
���,���̸�,���̸� ȭ���� 1661-1,35.135952,128.096661,2018,2
����,���̸�,���̸� ���ϸ� 1291-4 ,35.173774,128.131766,2018,2
���ι��,������,������ �� 579-22,35.170895,128.172829,2022,2
�������ܼ�,õ����,ĥ�ϵ� 490-12,35.178925,128.093951,2019,2
�������ܼ�,õ����,�־ൿ 777-1,35.174587,128.093146,2021,1
�������ܼ�,õ����,�־ൿ 407-4,35.174377,128.09621,2021,1
�������ܼ�,�߾ӵ�,��ȵ� 5-5,35.195581,128.08372,2019,2
�������ܼ�,�߾ӵ�,��뵿 63-5,35.194256,128.088109,2021,2
�������ܼ�,�߾ӵ�,��뵿 99-2,35.191524,128.088025,2021,1
�������ܼ�,�߾ӵ�,��뵿 100-2,35.191483,128.088297,2019,3
�������ܼ�,�߾ӵ�,��ȵ� 195,35.197294,128.082766,2021,1
�������ܼ�,��뵿,��뵿 300-39,35.17962,128.110838,2019,2
�������ܼ�,��뵿,��뵿 181-1,35.192352,128.116764,2021,1
�������ܼ�,��뵿,��뵿 306-32,35.183625,128.11735,2021,1
�������ܼ�,�ϴ뵿,�ϴ뵿 106-1,35.189119,128.122547,2019,3
�������ܼ�,�ϴ뵿,�ϴ뵿 301-18,35.192886,128.11664,2021,1
�������ܼ�,����,���� 283-1,35.170635,128.102964,2021,1
�������ܼ�,��ŵ�,��ŵ� 207,35.173089,128.060103,2021,1
�������ܼ�,��ŵ�,��ŵ� 1041,35.170519,128.061168,2018,3
�������ܼ�,�žȵ�,�žȵ� 417-97,35.180458,128.065028,2019,3
��̺�ȣ����,���̸�,���̸� ������ 1150,35.136233,128.143816,2022,3
�������ܼ�,�ǹ���,��ŵ� 530-51,35.166438,128.054447,2021,1
�������ܼ�,�湫����,�湫���� 286,35.176181,128.145351,2021,1
�������ܼ�,�湫����,�湫���� 231,35.176896,128.148493,2017,1
�������ܼ�,�湫����,�湫���� 13,35.180876,128.138887,2017,4
�������ܼ�,�湫����,�湫���� 37,35.179269,128.139057,2017,1
�������ܼ�,�湫����,�湫���� 33,35.179251,128.140105,2017,4
�糭ȭ��,���ϵ�,�λ絿 181-36,35.189896,128.071846,2015,1
�糭ȭ��,�߾ӵ�,ĥ�ϵ� 478-1,35.190231,128.091388,2015,1
�糭ȭ��,��뵿,��뵿 296-98,35.178142,128.100628,2015,1
�糭ȭ��,��뵿,��뵿 896-2,35.18047,128.129797,2011,1
�糭ȭ��,�ϴ뵿,�ϴ뵿 110,35.184431,128.127059,2017,1
�糭ȭ��,����,���� 1067-240,35.178622,128.130114,2011,1
�糭ȭ��,���嵿,������ 1583-20,35.195251,128.128065,2015,1
�糭ȭ��,������,������ 17-3,35.192892,128.065939,2015,1
�糭ȭ��,������,������ �� 1311-4,35.164745,128.157695,2015,1
�糭ȭ��,������,������ �󹮸� 325-5,35.191323,128.194645,2017,2
�糭ȭ��,�ݰ��,�ݰ�� �ι��� 1126-80,35.098584,128.190469,2015,1
�糭ȭ��,�ݰ��,�ݰ�� ���ڸ� 117-4,35.122709,128.187382,2016,1
�糭ȭ��,�����,����� 1380-3,35.182424,128.258229,2016,1
�糭ȭ��,�ݻ��,�ݻ�� ���渮 1213-14,35.235532,128.148245,2008,3
�糭ȭ��,������,������ ���︮ 431-2,35.233438,128.102825,2005,1
�糭ȭ��,������,������ ������ 336-2,35.220824,128.041934,2007,1
�糭ȭ��,������,������ ��� ��1,35.276556,128.021785,2017,2
�糭ȭ��,�����,����� ���ܸ� 644-3,35.165442,127.940417,2016,1
�糭ȭ��,�����,����� ������ 57-32,35.16543,127.959387,2016,1
��̺�ȣ����,���̸�,���̸� ������ 1150,35.136182,128.144561,2022,3
��̺�ȣ����,���̸�,���̸� ���ϸ� 1294 ,35.124938,128.098454,2019,2
��̺�ȣ����,���̸�,���̸� ���ϸ� 1294 ,35.125067,128.099444,2019,3
���,���̸�,���̸� ���ϸ� 1275-5,35.131924,128.100124,2019,2
���,���̸�,���̸� ȭ���� 343-17,35.140661,128.101715,2019,3
���,���̸�,���̸� ȭ���� 1777-6 ,35.141408,128.098385,2019,3
���ι��,õ����,ĥ�ϵ� 531-1 ,35.181887,128.096464,2019,2
��ܰ���,���̸�,���̸� ���ϸ� 1241-1,35.127356,128.104957,2019,2
���ι��,���ϵ�,�λ絿 1-25,35.196753,128.080315,2016,4
��ܰ���,���̸�,���̸� ���ϸ� 1241-6,35.124351,128.103711,2019,2
��ܰ���,���̸�,���̸� ���ϸ� 1249-7,35.119276,128.100202,2019,2
��ܰ���,���̸�,���̸� ���ϸ� 1247-2,35.116944,128.103349,2019,2
���ι��,���ϵ�,�߾ӵ� 1-13 ,35.195278,128.08242,2018,3
��ܰ���,���̸�,���̸� ���ϸ� 1247-1,35.117558,128.102199,2019,2
���ι��,�߾ӵ�,������ 879-2 ,35.189122,128.09373,2020,2
���ι��,�߾ӵ�,������ 890-9 ,35.186837,128.096392,2020,2
���,�߾ӵ�,��뵿 130-2,35.19338,128.087846,2015,1
��ܰ���,���̸�,���̸� ���ϸ� 1245,35.119605,128.103528,2019,2
��ܰ���,���̸�,���̸� ���ϸ� 1240-4,35.123133,128.106945,2019,6
��ܰ���,���̸�,���̸� ���ϸ� 1239-1,35.125267,128.10766,2019,2
��ܰ���,���̸�,���̸� ���ϸ� 1244-4,35.18105,128.140423,2020,4
���ι��,���̸�,���̸� ȭ���� 664,35.13464,128.11455,2021,2
���ι��,���̸�,���̸� ������ 671,35.11964,128.14099,2021,2
��ܰ���,���̸�,���̸� ���ϸ� 1367-2,35.116422,128.096727,2020,4
��ܰ���,���̸�,���̸� ���ϸ� 1372-4,35.115304,128.096965,2020,4
��ܰ���,���̸�,���̸� ���ϸ� 1406-3,35.113801,128.109278,2020,3
��ܰ���,���̸�,���̸� ���ϸ� 1401-9,35.113563,128.105137,2020,4
��ܰ���,���̸�,���̸� ���ϸ� 1406-7,35.112281,128.108087,2020,3
���ι��,�ϴ뵿,�ϴ뵿 �ϴ��110,35.193246,128.123695,2021,2
��ܰ���,���̸�,���̸� ���ϸ� 1407-10,35.112308,128.10545,2020,4
��ܰ���,���̸�,���̸� ���ϸ� 1393-7,35.11207,128.103974,2020,4
��ܰ���,���̸�,���̸� ���ϸ� 1393-9,35.112363,128.101665,2020,3
��ܰ���,���̸�, ���̸� ���ϸ� 1411-3,35.111392,128.105843,2020,4
��ܰ���,���̸�,���̸� ���ϸ� 1416,35.10934,128.11057,2020,3
��ܰ���,���̸�,���̸� ���ϸ� 1389-3,35.108955,128.104432,2020,4
����Ʈ��,���̸�,���̸� ���ϸ� 911-11,35.11352,128.09403,2022,1
����Ʈ��,���̸�,���̸� ���ϸ� 911-11,35.11261,128.09581,2022,1
���ι��,���̸�,���̸� ���ϸ� 1291-1,35.171104,128.276715,2022,4
���ι��,���̸�,���̸� �Ұ 217-1,35.121855,128.123443,2022,4
����,���̸�,���̸� ���ϸ� 1319,35.1248,128.100287,2023,3
����,���̸�,���̸� ���ϸ� 1350,35.1246,128.100777,2023,3
���,���̸�,���̸� ������ 966-13 ,35.124918,128.144266,2023,3
���ι��,���嵿,������ 1047 ,35.199233,128.116451,2019,4
���ι��,���嵿,������ 1085-6,35.21194,128.115599,2019,4
���ι��,��ŵ�,��ŵ� 660-28 ,35.162056,128.038417,2020,2
���,���̸�,���̸� ȭ���� 1285 ,35.127776,128.109787,2023,2
���,�߾ӵ�,������ 38-158,35.19944,128.085619,2018,2
���,�߾ӵ�,������ 375-25,35.195767,128.09309,2022,4
���,�߾ӵ�,������ 700-1,35.193443,128.092539,2021,2
���ι��,������, ������ 722-2 ,35.211554,128.054883,2015,2
���ι��,������,������ 706-7 ,35.201026,128.055641,2017,1
���ι��,�ǹ���,�ǹ��� 1231-1  ,35.186604,128.04661,2020,2
���ι��,�ǹ���,�ǹ��� 519 ,35.186464,128.046337,2019,2
���,�߾ӵ�,������ 700-1,35.193168,128.094727,2021,2
���,�߾ӵ�,������ 700-1,35.193322,128.09344,2021,2
���,�߾ӵ�,������ 389,35.195679,128.091355,2022,2
���,�߾ӵ�,��ȵ� 14-8,35.194702,128.08288,2018,4
���,�߾ӵ�,�߾ȵ� 3-13,35.19443,128.082221,2023,3
���,�߾ӵ�,��뵿 130-2,35.193565,128.087523,2015,2
���,�߾ӵ�,��뵿 105-6,35.19233,128.086462,2016,4
���,�߾ӵ�,��ȵ� 145,35.196807,128.084155,2016,2
���,�߾ӵ�,������ 19-5,35.198247,128.085984,2016,2
���ι��,������,������ �ҹ��� 430 ,35.176755,128.156384,2013,2
���,�߾ӵ�,������ 835-5,35.192629,128.092769,2016,3
���ι��,������,������ �󹮸� 1024-1 ,35.172518,128.173643,2017,2
���ι��,������,������ ���긮 832-1 ,35.160333,128.149597,2017,2
���ι��,������,������ �� 579-9,35.17089,128.172809,2017,2
���ι��,������,������ �λ긮 1027 ,35.143013,128.135396,2018,2
���ι��,������,������ �̰ 650 ,35.135453,128.170087,2018,2
���ι��,������,������ ��� 213 ,35.142871,128.221589,2019,3
���ι��,������,������ �ҹ��� 430 ,35.176755,128.156384,2019,2
���,�߾ӵ�,������ 94-16,35.201186,128.083143,2016,3
���ι��,������,������ ������ 250-2,35.127297,128.027072,2018,2
���ι��,������,���� 23-1(������ ���� ��51-5),35.138544,128.024309,2017,3
���ι��,������,������ ������ ��58-4 ,35.150016,128.085877,2016,3
���ι��,������,������ ������ ��58-4,35.150016,128.085877,2015,3
���,�߾ӵ�,������ 794-27,35.192396,128.090186,2016,2
���ι��,������,������ ������ 243-1,35.126357,128.032116,2017,2
���ι��,������,������ ���� ��52-12 ,35.138544,128.024309,2019,2
���ι��,���̸�,���̸� ���ϸ� 730-1 (����18��),35.119773,128.094181,2018,3
���ι��,���̸�,���̸� ���ϸ� 352-2 (����11��),35.126324,128.109769,2015,3
���ι��,���̸�,���̸� ȭ���� 1251,35.126448,128.1097,2015,1
���ι��,���̸�,���̸� �Ұ 385 ,35.121301,128.128825,2017,2
���ι��,���̸�,���̸� ���ϸ� 352-2 (����08��),35.116208,128.095961,2018,1
���ι��,���̸�,���̸� ���ϸ� 276-17 ,35.116372,128.096081,2018,1
���ι��,���̸�,���̸� ���ϸ� 730-1 (����04��),35.119773,128.094181,2019,2
���ι��,�ݰ��,�ݰ�� ������ 772-6 ,35.124964,128.216947,2020,2
���ι��,�ݰ��,�ݰ�� �ι��� ��75-3 ,35.090613,128.17917,2020,2
���ι��,�ݰ��,�ݰ�� �δ㸮 58-3,35.125428,128.173204,2018,3
���ι��,�ݰ��,�ݰ�� �δ㸮 418-3 ,35.123229,128.174861,2017,2
���ι��,������,������ ���̸� 114(����7��),35.188982,128.225417,2020,1
���ι��,������,������ ���̸� 54-2 ,35.188771,128.2261,2020,2
���ι��,������,������ ���̸� 69-3,35.190391,128.222762,2018,2
���ι��,������,������ ���̸� 114(����2��),35.188982,128.225417,2019,1
���ι��,�Ϲݼ���,�Ϲݼ��� ���긮 660-1,35.144567,128.272867,2018,2
���ι��,�̹ݼ���,�̹ݼ��� ��õ�� 1075-1 ,35.137505,128.307991,2020,2
���ι��,�̹ݼ���,�̹ݼ��� �߻긮 639-1,35.142134,128.343229,2017,1
���ι��,�̹ݼ���,�̹ݼ��� ���̸� 334 ,35.197439,128.335931,2020,2
���ι��,�̹ݼ���,�̹ݼ��� ���긮 547-1 ,35.156232,128.315753,2018,2
���ι��,�̹ݼ���,�̹ݼ��� ���̸� 775-5 ,35.187277,128.331944,2018,2
���ι��,�̹ݼ���,�̹ݼ��� �߻긮  620-2 ,35.142134,128.343229,2019,2
���ι��,�����,����� ��� 1440,35.192036,128.292262,2018,2
���ι��,�����,����� ��� 899-1,35.197271,128.273486,2019,2
���ι��,�����,����� �ΰ踮 1340-6,35.189292,128.295629,2019,2
���ι��,������,������ �л縮 ��62-2(����08��),35.22872,128.266028,2020,1
���ι��,������,������ û�㸮 403-1 ,35.255515,128.272703,2019,2
���ι��,������,������ �л縮 ��62-2(����08��),35.22872,128.266028,2019,1
���ι��,������,������ �л縮 996-5,35.224855,128.250814,2019,2
���ι��,����,���� ������ 31-2,35.276472,128.167052,2020,2
���ι��,����,���� ��� 642-5 ,35.223825,128.197968,2020,2
���,�߾ӵ�,������ 180-1,35.199795,128.082848,2016,2
���,�߾ӵ�,������ 476-4,35.196751,128.088861,2016,2
���,�ݻ��,�ݻ�� ������ 1109-1,35.184386,128.155873,2015,1
���ι��,�ݻ��,�ݻ�� ��õ�� 781-1 ,35.217188,128.136956,2018,2
���,������,������ ���̸� 424-7,35.213356,128.066238,2022,2
���ι��,������,������ ������ 41-3,35.237949,128.133351,2017,1
���ι��,������,������ ������ ��73-3 ,35.234763,128.086501,2018,1
���ι��,������,������ ��ϸ� 441-4 ,35.265155,128.079917,2018,3
���,������,������ ���̸� 531 ,35.222204,128.064337,2022,2
���ι��,������,������ ���︮ 713-7 ,35.23243,128.101339,2019,3
���ι��,������,������ ������ 279-3 ,35.235454,128.130248,2019,2
���ι��,��õ��,��õ�� ȿ�ڸ� 278-2,35.333972,128.086263,2018,2
���ι��,��õ��,��õ�� ȿ�ڸ� ��76-1,35.333972,128.086263,2019,2
���ι��,������,������ ������ ��198-12,35.278305,127.993602,2017,2
���ι��,������,������ ������ 13-3 ,35.252937,128.05786,2017,1
���ι��,������,������ ������ 95-1 ,35.234408,128.045112,2017,1
���ι��,������,������ ������ ��198-12 ,35.278305,127.993602,2019,2
���ι��,�����,����� ���̸� 199-4,35.159929,127.992074,2018,3
���ι��,�����,����� ���� 1204,35.240449,127.954609,2018,2
���ι��,�����,����� ���踮 812,35.22514,127.89525,2020,2
���ι��,�����,����� ������ 244-2,35.158389,127.957571,2018,2
���ι��,�����,����� �ڸŸ� 58-8 ,35.243586,127.935662,2018,3
���,�߾ӵ�,������ 427-3,35.197028,128.088205,2016,2
���,�߾ӵ�,������ 202-2 ,35.197347,128.094441,2018,2
���,�߾ӵ�,��ȵ� 56 ,35.198663,128.082506,2018,2
���,�߾ӵ�,��뵿 67-9 ,35.194756,128.08844,2018,3
���,�߾ӵ�,����� 967-12 ,35.201261,128.081045,2018,2
���,�߾ӵ�,������ 85-16 ,35.201103,128.0851,2018,1
���,�߾ӵ�,�ǰ�� 54-5,35.201938,128.082305,2018,2
���,�߾ӵ�,������ 84-2 ,35.202525,128.081659,2018,3
���,�߾ӵ�,������ 75-3 ,35.202644,128.082671,2018,2
���,�߾ӵ�,������ 82 ,35.201595,128.082776,2018,1
���,�߾ӵ�,������ 56 ,35.2017,128.084682,2018,1
���,�߾ӵ�,������ 1-20 ,35.201595,128.084677,2018,2
���,�߾ӵ�,������ 112-6 ,35.201059,128.083967,2018,2
���,�߾ӵ�,������ 39-1 ,35.201137,128.085044,2018,1
���,�߾ӵ�,������ 12-6,35.191837,128.084139,2019,3
����,�߾ӵ�,������ 398,35.196628,128.090105,2022,3
����,�߾ӵ�,������ 860,35.191909,128.099852,2022,2
����,�߾ӵ�,������ 860,35.1924684,128.1005859,2022,3
����,�߾ӵ�,��뵿 103,35.19297,128.08827,2016,2
���,��õ��,��õ�� �̰ 770-3,35.313145,128.108457,2019,2
����,�߾ӵ�,������ ��1-1,35.199244,128.093979,2018,6
�������,�߾ӵ�,��ȵ� 11-13,35.193089,128.084364,2012,4
���,������,������ ���̸� 289-6,35.245195,127.993747,2019,2
��̺�ȣ����,�߾ӵ�,������ 27-2,35.200475,128.086353,2021,2
��̺�ȣ����,�߾ӵ�,������ 27-3,35.199284,128.087046,2021,3
���,�߾ӵ�,������ 792-1,35.19316,128.091403,2019,3
��̺�ȣ����,�߾ӵ�,������ 27-4,35.198764,128.087132,2021,2
��̺�ȣ����,�߾ӵ�,������ 27-6,35.199562,128.088595,2021,2
���ι��,������,������ 212,35.188058,128.057321,2019,2
���ι��,�߾ӵ�,������ 538-1,35.195862,128.089226,2016,2
���ι��,�߾ӵ�,������ 361-8,35.197674,128.090844,2016,2
���ι��,�ݰ��,�ݰ�� ���ڸ� 187-3,35.122303,128.185437,2019,2
���ι��,�߾ӵ�,������ 88-4,35.200949,128.082174,2018,4
���ι��,��ŵ�,��ŵ� 733-2,35.168217,128.053519,2019,3
���ι��,�߾ӵ�,�Ǻ���243����9,35.200912,128.084714,2018,3
���,�߾ӵ�,������ 19-10,35.198615,128.085782,2019,2
���,����,���� �ܸ� 1558-4,35.271386,128.133283,2019,2
���,������,������ ���̸� 325-3,35.17926,128.223469,2019,3
���,������,������ û�㸮 583-1,35.247505,128.223469,2019,2
���ι��,�̹ݼ���,�̹ݼ��� ��ϸ� 578-2,35.169608,128.318955,2019,3
���,�߾ӵ�,��뵿 91-1,35.193366,128.089831,2019,4
���ι��,������,������ 981-1 ,35.202125,128.051637,2019,1
���,�߾ӵ�,��뵿 356-16,35.190794,128.088942,2019,3
���,�߾ӵ�,������ 6-1,35.191817,128.08549,2019,4
���,�߾ӵ�,��뵿 51-3,35.195737,128.088531,2020,2
���,�߾ӵ�,������ 331-3,35.199241,128.090169,2020,2
���,�߾ӵ�,������ 10-6,35.192267,128.08341,2020,2
���,�ݻ��,�ݻ�� �ӻ縮 207-1 ,35.184973,128.148497,2019,2
���,�߾ӵ�,������ 11-4,35.192549,128.083699,2020,3
���,�߾ӵ�,������ 2-13,35.192741,128.085233,2020,3
���,�߾ӵ�,������ 369-26,35.19622,128.09219,2021,2
���,�߾ӵ�,��ȵ� 24,35.19835,128.08292,2021,3
���,��ȣ��,ȣź�� 634-1,35.164007,128.117125,2019,4
����Ʈ������,�߾ӵ�,��ȵ� 14-8,35.194564,128.083627,2022,2
����Ʈ������,�߾ӵ�,��ȵ� 7-6,35.195214,128.083686,2022,2
����Ʈ��,�߾ӵ�,������ 12-4,35.193165,128.08409,2022,1
�������,��ȣ��,��ȣ�� 1959,35.15146,128.114439,2019,3
����Ʈ��,�߾ӵ�,������ 2-7,35.192968,128.084594,2022,1
����Ʈ��,�߾ӵ�,���ֽ� ������ 211-4,35.192201,128.08682,2022,1
����Ʈ��,�߾ӵ�,��뵿129-5,35.193228,128.086359,2022,2
����,�߾ӵ�,������ 28,35.197951,128.098304,2022,2
����,�߾ӵ�,������ 28,35.197951,128.098304,2022,2
���,�߾ӵ�,������ 16-6 ,35.198618,128.084087,2023,3
���,�߾ӵ�,��ȵ� 95 ,35.197978,128.081428,2023,4
���,������,������ �»긮 203-9,35.235055,128.269872,2016,2
���,������,������ �л縮 1309-4 ,35.235055,128.269872,2017,2
��̺�ȣ����,������,������ �л縮 1065-1,35.232645,128.252013,2022,3
���ι��,������,������ �»긮 120-7,35.2303,128.26933,2021,3
���,������,������ �»긮 402 ,35.234018,128.268124,2023,2
��̺�ȣ����,������,������ ���̸� 541-2,35.1704,128.224999,2022,3
��̺�ȣ����,������,������ ���̸� 541-2,35.169223,128.225446,2022,3
���,���ϵ�,��� 17-8,35.195015,128.077922,2019,3
���,������,������ �� �긮 11-11,35.189075,128.245104,2019,3
���ι��,������ ,������ ���̸� 153-10,35.186996,128.222074,2022,5
���,������,������ ���̸� 556-3 ,35.168787,128.223749,2023,3
���,��뵿,��뵿 293-3,35.180057,128.10427,2019,2
���,������,������ �Ŵ縮 198,35.216906,128.123862,2017,2
��̺�ȣ����,������,������ ������ 125,35.241209,128.092923,2022,3
��̺�ȣ����,������,������ ������ 125,35.242023,128.09199,2022,4
���,������,������ ������ 299-3,35.239825,128.085669,2019,3
���,����,���� 307-3,35.171582,128.123056,2019,2
���ι��,������,������ ���︮ 595-3,35.23502,128.10557,2021,2
���,������,������ ���︮ 595-3,35.23645,128.10566,2021,2
���ι��,������,������ ������ 68,35.28596,128.08297,2021,2
���,������,������ ������ 51-2,35.23707,128.13559,2021,1
���,������,������ ���︮ 807-4,35.227669,128.101199,2022,3
���,������,������ ������ 838-40,35.251263,128.098797,2022,3
���,������,������ ��ϸ� 38-3,35.269695,128.084571,2022,3
���,������,������ ������ 874-1,35.243361,128.071118,2022,3
���,������,������ �Ŵ縮 609-6 ,35.228669,128.11326,2023,2
���,õ����,ĥ�ϵ� 505-50 ,35.184069,128.091716,2022,5
���,õ����,õ���� 525-6,35.182392,128.093239,2022,3
���,õ����,õ���� 534-18 ,35.180355,128.096242,2022,4
���,õ����,õ���� 529-18 ,35.183061,128.095369,2014,3
���,õ����,õ���� 490-16 ,35.178597,128.094953,2019,3
���,õ����,ĥ�ϵ� 60-2,35.177992,128.096852,2018,2
���,õ����,���浿 526-22,35.178283,128.086549,2015,2
���,õ����,���浿 102-8,35.185437,128.082388,2015,2
���,õ����,���浿 287-8,35.182022,128.082694,2015,3
���,������,������ õ� 442-1,35.189249,128.246206,2019,1
���,õ����,ĥ�ϵ� 103-22,35.177376,128.096142,2015,2
���,õ����,���浿 217-7,35.180981,128.079033,2016,2
���,���嵿,������ 762-1 ,35.20087,128.112207,2019,2
���,õ����,ĥ�ϵ� 528-7,35.183835,128.094266,2016,2
���,���嵿,������ 1728,35.207885,128.109939,2019,3
���,õ����,ĥ�ϵ� 124-1,35.178622,128.096548,2016,2
���,õ����,ĥ�ϵ� 524-30,35.184679,128.093332,2016,2
���,õ����,������ 245-27 ,35.185508,128.082152,2017,2
���,õ����,���浿 88-12 ,35.183378,128.082772,2017,3
���,õ����,�־ൿ 196-13 ,35.176635,128.087715,2017,2
���,õ����,���浿 447-33 ,35.182264,128.084625,2018,3
���,õ����,������ 94-1 ,35.187553,128.0855,2018,2
���,õ����,���浿 141-29 ,35.185011,128.08051,2023,4
���,õ����,�־ൿ 353-3 ,35.170513,128.089955,2019,2
���,õ����,���浿 25-6 ,35.186564,128.085141,2019,4
���,õ����,ĥ�ϵ� 112-8 ,35.186885,128.081843,2019,3
���,������,������ �� 823-6,35.161307,128.171311,2019,2
���,õ����,ĥ�ϵ� 499-12,35.187726,128.090211,2019,2
���,������,������ ���̸� 638-2,35.179591,128.220544,2019,2
���,������,������ ���̸� 888-26,35.180435,128.219451,2019,2
���,õ����,ĥ�ϵ� 15-5,35.182307,128.095799,2019,2
����,õ����,ĥ�ϵ� 522,35.183499,128.092794,2017,4
��̺�ȣ����,õ����,���浿 490,35.179966,128.083913,2021,3
��̺�ȣ����,õ����,���浿 490,35.179114,128.083817,2021,2
��̺�ȣ����,õ����,���浿 480-5,35.180315,128.084805,2022,4
��̺�ȣ����,õ����,���浿 480-5,35.179193,128.085295,2014,5
��̺�ȣ����,õ����,ĥ�ϵ� 237-2,35.186716,128.089273,2021,2
��̺�ȣ����,õ����,ĥ�ϵ� 237-2,35.18593,128.090358,2021,1
��̺�ȣ����,õ����,ĥ�ϵ� 237-2,35.184907,128.090547,2021,2
��̺�ȣ����,õ����,ĥ�ϵ� 237-2,35.185597,128.09254,2021,2
��̺�ȣ����,õ����,ĥ�ϵ� 237-2,35.186253,128.091918,2021,2
��̺�ȣ����,õ����,õ���� 111-95 ,35.173617,128.093313,2021,1
��̺�ȣ����,õ����,õ����  111-93 ,35.173187,128.092323,2021,2
��̺�ȣ����,õ����,õ���� ��42-1,35.171878,128.091432,2021,3
���,õ����,ĥ�ϵ� 491-1,35.17819,128.093494,2022,3
���ι��,õ����,���浿 4-5 ,35.187214,128.082736,2020,2
���ι��,õ����,���浿 161-1,35.184384,128.078756,2015,1
���ι��,õ����,������ 122-10,35.184902,128.086727,2015,2
���ι��,õ����,ĥ�ϵ� 300-1 ,35.185603,128.087796,2016,1
��ܰ���,����,���� 55-80,35.174207,128.125738,2019,1
���ι��,õ����,���浿 177-14 ,35.182119,128.078055,2018,2
���ι��,õ����,�־ൿ 206-5 ,35.175066,128.088934,2019,2
���ι��,õ����,������ 119 ,35.185795,128.086433,2019,2
���,õ����,���浿 453-81,35.181677,128.085779,2019,3
���,õ����,���浿 426,35.180861,128.083259,2019,2
���,õ����,�־ൿ 190-8,35.177577,128.087729,2019,3
���,õ����,������ 245-125,35.18169,128.088415,2019,4
���,õ����,���浿 151,35.183765,128.079425,2019,2
���,õ����,���浿 135-18,35.185226,128.080895,2019,2
���,õ����,���ֽ� ���浿 381-8,35.180217,128.08076,2019,3
���,õ����,���ֽ� ���浿 319,35.180593,128.08022,2019,3
���,õ����,�־ൿ 133-151,35.174545,128.091949,2019,3
���,õ����,ĥ�ϵ� 515-1,35.182726,128.090681,2019,4
���,�湫����,�湫���� 278(LH8����),35.172648,128.148532,2019,1
���,�湫����,�湫���� 278(������������),35.175798,128.149204,2019,1
���,�湫����,�湫���� 278(LH4����),35.178084,128.148471,2019,1
���,�湫����,�湫���� 278(LH����),35.178206,128.148094,2019,1
���,�湫����,�湫���� 223(LH1����),35.180974,128.147152,2019,1
���,�湫����,�湫���� 223(���� ����),35.18069,128.147207,2019,1
�������,�湫����,�湫���� 87-18,35.16654,128.129827,2019,3
�������,�湫����,�湫���� 134,35.177493,128.13881,2019,4
���,õ����,ĥ�ϵ� 478-5,35.178553,128.098253,2019,3
������������,��뵿,��뵿 295-18,35.179478,128.100966,2020,4
������������,��뵿,��뵿 298-6,35.179636,128.107185,2020,4
������������,��뵿,��뵿 299-9,35.179761,128.110336,2020,4
������������,��뵿,��뵿 303-62,35.17973,128.111947,2020,4
������������,��뵿,��뵿 313-11,35.180368,128.117338,2020,4
������������,��뵿,��뵿 33-23,35.180145,128.122404,2020,4
������������,��뵿,��뵿 33-97,35.180414,128.129265,2020,3
���,õ����,ĥ�ϵ� 478-8,35.188695,128.08689,2019,3
������������,õ����,ĥ�ϵ� 379-5,35.182,128.089416,2020,4
������������,õ����,������ 11-22,35.186355,128.087344,2020,4
������������,õ����,ĥ�ϵ� 496-4,35.187849,128.086558,2020,3
������������,�߾ӵ�,������ 214-13,35.187849,128.086558,2020,4
������������,�߾ӵ�,������ 2-7,35.192842,128.084565,2020,4
�糭ȭ��,��뵿,��뵿 276-9,35.180274,128.110276,2020,1
�糭ȭ��,�žȵ�,�žȵ� 8-1,35.189073,128.070862,2019,1
�糭ȭ��,õ����,���浿 117-6,35.122709,128.187382,2019,1
�糭ȭ��,��ŵ�,��ŵ� 636-11,35.163384,128.05602,2019,1
�糭ȭ��,�����,����� ������ 865-49,35.122709,128.187382,2018,1
�������ܼ�,���̸�,���̸� ���ϸ� 1286-2,35.128887,128.099983,2018,4
���ι��,��ȣ��,ȣź�� �� 141-2 ,35.158633,128.119042,2020,1
������������,õ����,ĥ�ϵ� 429-4,35.178506,128.091443,2020,4
���,õ����,ĥ�ϵ� 509-20,35.184544,128.089599,2020,2
���ι��,��ȣ��,ȣź�� 774,35.159306,128.117712,2020,2
������ȣ,��ȣ��,ȣź�� �� 108-6,35.162766,128.120726,2021,2
�������ܼ�,�ϴ뵿,�ϴ뵿 316-33,35.193167,128.121971,2020,1
������ȣ,��ȣ��,���µ� 996-12,35.150615,128.101847,2021,1
�糭ȭ��,������,������ ������ 576-7,35.258433,128.12157,2020,3
�������,�湫����,�湫���� 145,35.167413,128.136305,2020,4
���,õ����,�־ൿ 156-26,35.176433,128.091851,2020,3
����Ʈ������,õ����,ĥ�ϵ� 482,35.179804,128.090535,2022,2
����Ʈ��,õ����,���浿 110-1,35.18721,128.08183,2022,2
���,��뵿,��뵿 284,35.17973,128.108065,2020,1
���,�����,����� ���������49,35.190045,128.27578,2020,4
�������,���嵿,������ 1665,35.212198,128.106198,2020,2
���,������,������ �ҹ��� 290-4,35.173666,128.159878,2020,3
���,������,������ �ҹ��� 290-4,35.173471,128.159985,2020,1
���,�ݻ��,�ݻ�� �ӻ縮 612,35.184023,128.140441,2020,3
����Ʈ��,õ����,ĥ�ϵ� 500-15,35.18611,128.09399,2022,1
���,õ����,ĥ�ϵ� 507-9,35.183957,128.090738,2022,4
���,�߾ӵ�,��뵿 51-3,35.195547,128.088448,2020,1
���,õ����,���浿 456-57,35.18131,128.085124,2022,5
���,�����,����� 1090-3,35.198519,128.071616,2020,2
���,õ����,���浿 392,35.179833,128.081582,2022,2
������ȣ,��ȣ��,���µ� 346-1,35.149435,128.108089,2021,6
���,õ����,���浿 138-14,35.184207,128.080765,2023,2
���,õ����,���浿 82-15,35.184024,128.081767,2023,3
���,õ����,���浿 132-7,35.185199,128.081284,2023,2
���,��뵿,��뵿 511-3,35.188328,128.114049,2020,1
���,õ����,���浿�� 7,35.187209,128.084579,2023,2
���,õ����,������ 113-2,35.185764,128.0856,2023,2
���,�߾ӵ�,������ 331-3,35.199023,128.090002,2020,1
���,�߾ӵ�,������ 331-3,35.199145,128.089931,2020,1
����,õ����,���浿��16-3,35.183067,128.077628,2023,1
���,���ϵ�,�λ絿 189-9,35.192926,128.070344,2020,2
���,õ����,���浿 74-7 ,35.183161,128.081589,2023,3
���,õ����,ĥ�ϵ� 512-11 ,35.181703,128.090843,2023,2
���,��ŵ�,��ŵ� 1023,35.168615,128.062913,2020,1
���,��ŵ�,��ŵ� 1023,35.168496,128.062711,2020,2
���,õ����,������ 239 ,35.179978,128.090406,2023,3
����,�ǹ���,������ 245-178,35.178737,128.088344,2023,3
�糭ȭ��,õ����,���ֽ� ���浿 57-2,35.182966,128.085707,2020,2
�糭ȭ��,���ϵ�,���ֽ� �߾ȵ� 10,35.193468,128.081692,2020,2
�糭ȭ��,��뵿,���ֽ� ��뵿 314-7,35.180428,128.118613,2020,4
���,���ϵ�,������ 24-1,35.19051,128.078969,2020,2
���,���ϵ�,������ 24-1,35.190757,128.079253,2020,1
���,���ϵ�,������ 1-12,35.191257,128.078552,2020,4
����,��ȣ��,������ 245-178,35.178464,128.087785,2020,1
���,���ϵ�,������ 16-18,35.190996,128.08038,2020,2
�������,���ϵ�,������ 2-3,35.19231,128.081855,2020,4
���ι��,���ϵ�,������ 6-5,35.191,128.083005,2020,3
����,��ȣ��,������ 245-178,35.178464,128.087785,2020,3
���,���嵿,���嵿 813-13 ,35.201325,128.114747,2022,5
���,���嵿,������ 796-1,35.202035,128.11265,2018,2
�������,�湫����,�湫���� 275,35.167097,128.13639,2020,4
�������,�湫����,�湫���� 298,35.174591,128.14494,2020,3
�������,�湫����,�湫���� 231,35.180295,128.143385,2020,1
��̺�ȣ����,���嵿,���絿 582,35.217425,128.100895,2022,2
��̺�ȣ����,���嵿,���絿 582,35.217103,128.102226,2022,3
��ܰ���,��뵿,��뵿 33-97,35.180768,128.129298,2020,3
���,���嵿,������ 1640-2,35.205795,128.113484,2016,4
��ܰ���,����,���� 55-61,35.18105,128.140423,2020,2
��ܰ���,����,���� 371-1,35.17342,128.127332,2020,2
��ܰ���,����,���� 957-5,35.138977,128.107686,2020,3
���,���嵿,������ 997,35.203369,128.11442,2016,4
���,���嵿,���絿 801,35.21739,128.09948,2018,2
���,������,������ ���긮 583,35.166836,128.066578,2020,1
���,������,������ ���긮 583-1,35.166579,128.066147,2020,2
���,�ǹ���,��ŵ� 636-11,35.163354,128.055552,2020,1
���,�ǹ���,��ŵ� 695-157,35.163354,128.055552,2020,2
�������,��ŵ�,��ŵ� 602-9,35.168599,128.065256,2020,1
���,�žȵ�,�žȵ� 613-1,35.170269,128.067279,2020,2
���,�žȵ�,�žȵ� 594-4,35.172821,128.069697,2020,3
���,�žȵ�,�žȵ� 530-1,35.177049,128.071736,2020,2
���,�žȵ�,�žȵ� 514-2,35.181831,128.073967,2020,2
���,õ����,���浿 117-26,35.185281,128.078873,2020,2
���,õ����,���浿 116,35.186591,128.080494,2020,2
���,õ����,������ 62-3,35.188295,128.084988,2020,2
���,õ����,ĥ�ϵ� 262,35.188876,128.087713,2020,2
���,õ����,ĥ�ϵ� 499-5,35.18867,128.089834,2020,2
���,õ����,ĥ�ϵ� 220-1,35.187324,128.092587,2020,2
���,õ����,ĥ�ϵ� 1,35.18354,128.095757,2020,2
���,õ����,ĥ�ϵ� 9-4,35.181469,128.096957,2020,2
���,����,���� 278-6,35.173536,128.099371,2020,3
����,���嵿,������ 1583-38,35.204889,128.126228,2022,4
����,���嵿,������ 1583-38,35.20433,128.126343,2022,5
����,���嵿,������ 1634-3,35.206956,128.114599,2022,4
������ȣ,��ȣ��,���µ� �� 80-17,35.147931,128.104842,2021,1
������ȣ,��ȣ��,���µ� 996-12,35.151146,128.103264,2021,1
������ȣ,���̸�,���̸� ȭ���� 1769-4,35.141074,128.099847,2020,6
������ȣ,���̸�,���̸� ȭ���� 1769-4,35.143012,128.100752,2020,8
���,�����,��� 11-10,35.196141,128.078502,2020,4
����,���嵿,������ 1335-2,35.182247,128.06484,2016,2
����,���嵿,������ 1717,35.182247,128.06484,2019,3
����,���嵿,������ 1727-4,35.182247,128.06484,2019,2
���,������,������ ������ 59-3,35.148037,128.206385,2020,3
���,������,������ ��õ�� 520-1,35.16288,128.22786,2020,3
������ȣ,��ȣ��,���µ� 1409-6,35.145339,128.101415,2021,4
���,��뵿,��뵿 311-7,35.178799,128.116572,2020,2
���,�ݻ��,�ݻ�� ������ 1400-6,35.182133,128.153239,2020,3
���,õ����,���浿 552-1,35.176248,128.085098,2020,2
���,���̸�,���̸� ���ϸ� 1271-3,35.132149,128.101548,2020,3
���,�žȵ�,�žȵ� 454-4,35.181565,128.06891,2020,1
�糭ȭ��,�����,����� 1020-13,35.1982711,128.0780661,2020,3
�糭ȭ��,���嵿,������ 1645-8,35.2045523,128.1147168,2020,3
�糭ȭ��,���̸�,���̸� ȭ���� 976,35.1310449,128.1025956,2020,2
�糭ȭ��,�߾ӵ�,��ȵ� 8-425,35.1936389,128.0859025,2020,4
�糭ȭ��,��ŵ�,��ŵ� �� 65-1,35.1732284,128.0354706,2020,2
�糭ȭ��,��뵿,��뵿 284,35.1803106,128.1078621,2020,4
�糭ȭ��,�湫����,�湫���� 350,35.1733813,128.1545681,2020,3
����,���嵿,������ 1645-7,35.182247,128.06484,2019,4
����,���嵿,������ 1628,35.182247,128.06484,2019,3
��̺�ȣ����,���嵿,������ 1634-1,35.208234,128.113799,2022,3
��̺�ȣ����,���嵿,������ 1634-1,35.207118,128.114013,2022,3
��̺�ȣ����,���嵿,������ 1634-1,35.208537,128.113625,2022,2
����Ʈ������,�žȵ�,�žȵ� 11-74,35.187739,128.070558,2020,5
����Ʈ������,���嵿,������ 1329-23,35.212508,128.115045,2021,4
������ȣ,���嵿,������ 1583-13,35.210209,128.12566,2021,3
������ȣ,���嵿,������ 1583-23,35.204384,128.127049,2021,3
������ȣ,���嵿,������ 312-1,35.212506,128.116619,2021,4
������ȣ,���嵿,������ 260-1,35.212485,128.122906,2021,3
������ȣ,���嵿,������ 1085-6,35.211592,128.115569,2021,3
������ȣ,���嵿,������ 1536-2,35.200734,128.10292,2021,2
������ȣ,���嵿,������ 1253-5,35.216463,128.110501,2021,4
����Ʈ������,��ȣ��,���µ� 1398,35.15967,128.107491,2021,5
��̺�ȣ����,���嵿,������ 686-1,35.196699,128.114489,2021,2
��̺�ȣ����,���嵿,������ 686-1,35.198115,128.115627,2021,2
�������ܼ�,��ȣ��,���µ� 480-7,35.153072,128.105935,2021,1
��̺�ȣ����,���嵿,������ 686-1,35.197863,128.114381,2021,2
�������ܼ�,��ȣ��,���µ� 1958,35.155379,128.116646,2019,3
�������ܼ�,��ȣ��,���µ� 1958,35.154209,128.115221,2019,4
�������ܼ�,��ȣ��,���µ� 2064-2,35.153359,128.116538,2019,5
������ȣ,�ݻ��,�ݻ�� ��縮 1180-10,35.220432,128.14544,2021,2
������ȣ,�ݻ��,�ݻ�� �ӻ縮 62,35.184989,128.150315,2021,4
������ȣ,�ݻ��,�ݻ�� ��õ�� 1049-4,35.212915,128.131071,2021,3
������ȣ,�ݻ��,�ݻ�� ��õ�� 367,35.214253,128.140452,2021,2
������ȣ,�ݻ��,�ݻ�� ��õ�� 313-3,35.21393,128.138757,2021,4
������ȣ,������,������ ���긮 582-18,35.16651,128.066573,2021,3
������ȣ,������,������ ���긮 1060-2,35.158883,128.069952,2021,4
������ȣ,������,������ ���긮 462-1,35.16164,128.06778,2021,4
����Ʈ������,������,������ ���긮 172-2,35.157722,128.070052,2021,3
������ȣ,������,������ �ҹ��� 2370-109,35.168427,128.162478,2021,1
������ȣ,������,������ �� 1213-2,35.164809,128.16437,2021,6
������ȣ,������,������ ���긮 959,35.161327,128.139767,2021,4
������ȣ,������,������ ���긮 1756,35.162768,128.137857,2021,4
������ȣ,������,������ ���긮 1416,35.163709,128.13721,2021,2
������ȣ,��뵿,��뵿 33-75,35.184432,128.128849,2021,5
������ȣ,��뵿,��뵿 33-75,35.180566,128.129531,2021,1
������ȣ,��뵿,��뵿 334-1,35.182192,128.11745,2021,4
������ȣ,��뵿,��뵿 332-1,35.186538,128.11713,2021,4
������ȣ,����,���� 55-41,35.176164,128.129337,2021,6
������ȣ,����,���� 55-41,35.178501,128.129903,2021,1
������ȣ,����,���� 503,35.171691,128.12523,2021,1
������ȣ,����,���� 503,35.170365,128.123384,2021,2
������ȣ,����,���� 502,35.168849,128.119427,2021,2
������ȣ,����,���� 502,35.16829,128.11671,2021,2
������ȣ,����,���� 283-1,35.169206,128.107604,2021,1
������ȣ,����,���� 283-1,35.170681,128.10312,2021,1
������ȣ,�žȵ�,�žȵ� 56,35.183901,128.074627,2021,2
������ȣ,�žȵ�,�žȵ� 56,35.181002,128.073068,2021,2
������ȣ,�žȵ�,�žȵ� 340,35.180809,128.070981,2021,6
������ȣ,�žȵ�,�žȵ� 340,35.177372,128.071306,2021,4
������ȣ,�žȵ�,�žȵ� 748-6,35.174718,128.069638,2021,4
������ȣ,������,��� 417-3,35.194781,128.059371,2021,5
������ȣ,������,������ 1106-3,35.195741,128.056536,2021,2
������ȣ,������,������ 213-1,35.187461,128.056881,2021,2
������ȣ,������,������ 599-4,35.194069,128.061643,2021,4
������ȣ,�߾ӵ�,������ 28,35.198006,128.098592,2021,2
������ȣ,�߾ӵ�,������ 672-1,35.195698,128.094827,2021,3
������ȣ,õ����,�־ൿ 407-4,35.174244,128.096153,2021,4
������ȣ,õ����,�־ൿ 31-2,35.175672,128.096528,2021,4
������ȣ,õ����,ĥ�ϵ� 554,35.179818,128.097437,2021,2
������ȣ,õ����,�־ൿ 18-3,35.172975,128.096118,2021,3
������ȣ,õ����,�־ൿ 133-56,35.175565,128.090227,2021,6
������ȣ,õ����,�־ൿ 18-3,35.170512,128.096959,2021,4
������ȣ,õ����,ĥ�ϵ� 47-9,35.178613,128.09795,2021,4
������ȣ,�湫����,�湫���� 161,35.16393,128.125982,2021,2
������ȣ,�湫����,�湫���� 161,35.165379,128.129666,2021,2
������ȣ,�湫����,�湫���� 161,35.165872,128.133705,2021,2
������ȣ,�湫����,�湫���� 100,35.174678,128.135542,2021,6
������ȣ,�ǹ���,�ǹ��� 1251-3,35.167398,128.042775,2021,3
������ȣ,�ǹ���,�ǹ��� 272-2,35.167562,128.044552,2021,4
������ȣ,�ǹ���,�ǹ��� 270-1,35.167171,128.046174,2021,4
������ȣ,��ŵ�,��ŵ� 795-20,35.172103,128.068162,2021,4
������ȣ,��ŵ�,��ŵ� 1064,35.166373,128.060456,2021,4
������ȣ,��ŵ�,��ŵ� 1058,35.163743,128.055632,2021,4
������ȣ,��ŵ�,��ŵ� 695-157,35.162975,128.054466,2021,4
������ȣ,��ŵ�,��ŵ� 344-8,35.169624,128.055984,2021,3
������ȣ,��ŵ�,��ŵ� 705-5,35.167321,128.050474,2021,3
������ȣ,��ŵ�,��ŵ� 694-17,35.169063,128.05491,2021,3
������ȣ,��ŵ�,��ŵ� 692-13,35.171255,128.058531,2021,4
����Ʈ������,��ŵ�,��ŵ� 692,35.173215,128.059783,2021,5
������ȣ,�ϴ뵿,�ϴ뵿 145,35.189255,128.128477,2021,3
����Ʈ������,�ϴ뵿,�ϴ뵿 291-1,35.18857,128.116898,2021,4
���,���ϵ�,��� 32,35.195952,128.076714,2021,2
���,���ϵ�,��� 32,35.195592,128.076416,2021,1
���,õ����,ĥ�ϵ� 478-9,35.186546,128.093556,2021,4
���,������,������ ��� 656-15,35.1459,128.21181,2021,3
��̺�ȣ����,���嵿,������ 1691,35.214352,128.10952,2018,2
��̺�ȣ����,���嵿,������ 1691,35.214313,128.110745,2018,3
���ι��,���嵿,������ 360-10,35.212452,128.12309,2020,2
���ι��,���嵿,������ 1560-1 ,35.199971,128.101757,2020,1
���ι��,���嵿,������ 1560-1 ,35.199893,128.100589,2020,1
���ι��,���嵿,������ 81-18,35.196716,128.127675,2015,3
���ι��,���嵿,������ 1701-5,35.213787,128.113248,2017,2
���ι��,�����,����� ���̸� 1326-4,35.188022,127.968408,2021,2
���,���嵿,������ 1685-1,35.209295,128.111026,2019,4
���,���嵿,������ 829-7,35.127356,128.104957,2019,2
���,���嵿,������ 1713-8,35.211306,128.113398,2019,3
���,���嵿,������ 1702-7,35.212991,128.112079,2019,3
���,���嵿,������ 821-4,35.201074,128.112837,2019,2
���,���嵿,������ 1349-23,35.207757,128.109208,2019,3
���,���嵿,������ 1607-5,35.212229,128.107511,2020,3
���,���嵿,���絿 406-3,35.2157206,128.1081038,2020,3
���,���嵿,���絿 568-8,35.2157206,128.1081038,2020,3
���,���嵿,���絿 565-10,35.2157206,128.1081038,2020,3
����,���嵿,������ 1729,35.21071,128.111533,2020,2
���,���嵿,������ 127-52,35.18997,128.12865,2021,3
���,�����,����� ���� 537-5,35.23125,127.96012,2021,2
���,���嵿,������ 1583-14,35.20496,128.12729,2021,3
����Ʈ������,���嵿,������ 260-1,35.212585,128.121578,2022,2
�������ܼ�,�湫����,�湫���� 225-1,35.181291,128.14341,2020,4
�������ܼ�,�湫����,�湫���� 297,35.173984,128.145367,2020,3
�������ܼ�,�湫����,�湫���� 276,35.175013,128.150871,2020,3
�������ܼ�,��ȣ��,���µ� 305-5,35.150067,128.114741,2020,1
�������ܼ�,�湫����,�湫���� 41,35.17749,128.13933,2021,1
���,�ݰ��,�ݰ�� ������ 592,35.125252,128.217312,2021,2
���,������,������ ���긮 354,35.155758,128.064956,2021,6
����Ʈ������,���嵿,������ 659-1,35.208351,128.1157517,2022,2
����Ʈ������,���嵿,������ 1017-1,35.20383,128.1160852,2022,1
����Ʈ��,���嵿,������ 1583-14,35.20393,128.12598,2022,1
����Ʈ��,���嵿,������ 1583-14,35.20863,128.12545,2022,1
����Ʈ��,���嵿,������ 1583-38,35.20709,128.12568,2022,1
����Ʈ��,���嵿,������ 1674,35.21074,128.11151,2022,1
���,�Ϲݼ���,�Ϲݼ��� ���긮 712,35.142962,128.27442,2021,2
���,������,������ ������ 860-4,35.211673,128.210257,2021,2
���,������,������ ������ 206-1,35.257515,128.098082,2021,2
���,�ǹ���,��ŵ� 660-28 ,35.163591,128.03964,2021,3
���,���嵿,������ 1028-4,35.202513,128.115157,2022,5
���,�����,����� ���� �� 113-11,35.23194,127.97077,2021,2
���,���嵿,���̵� 97-1,35.213038,128.092443,2022,3
����,�湫����,�湫��183,35.18366,128.1455,2021,1
���,���嵿,������ 1648-2 ,35.203644,128.114798,2023,3
����,�湫����,�湫��183,35.18315,128.14606,2021,2
���,�湫����,�湫���� 54-1,35.170243,128.129243,2023,4
����,�湫����,�湫��183,35.18229,128.1459,2021,2
���,�湫����,�湫���� 60-13,35.167322,128.128692,2023,4
���,�湫����,�湫���� 101-3,35.175157,128.135856,2014,4
���,�湫����,�湫���� 45-7,35.174677,128.132939,2014,4
����,�湫����,�湫��183,35.18348,128.14491,2021,1
���,�湫����,�湫���� 76-1,35.173544,128.135366,2014,3
���,õ����,ĥ�ϵ� 312-1,35.18525,128.09009,2021,2
���,�湫����,�湫���� 95-3,35.166709,128.134846,2023,3
�������ܼ�,��ȣ��,���µ� 2082,35.155371,128.11819,2020,3
���,�湫����,�湫���� 152-5,35.167378,128.138231,2023,4
���,�湫����,�湫���� 169-5,35.184099,128.146925,2014,3
���,���ϵ�,��� 24-4,35.19643,128.07597,2021,2
���,�湫����,�湫���� 173-2,35.184557,128.148294,2014,5
���,�湫����,�湫���� 190-1,35.18306,128.148478,2014,3
��̺�ȣ����,�žȵ�,�žȵ� 350-6,35.18401,128.06759,2021,2
��̺�ȣ����,�žȵ�,�žȵ� 350-6,35.18435,128.06671,2021,2
���,���̸�,���ϸ� 1295,35.1225,128.09804,2021,3
���,�ݰ��,�ι��� 590-3,35.09455,128.18849,2021,1
���,�湫����,�湫���� 190-4,35.182432,128.149009,2014,4
���,�ݰ��,������ 1611-10,35.09057,128.18897,2021,1
���,�湫����,�湫���� 204-1,35.181823,128.150334,2014,4
���,�ݰ��,������ 1611-206,35.08859,128.18882,2021,1
���,�湫����,�湫���� 209-17,35.182836,128.151918,2014,3
���,�ݰ��,��õ�� 1175-21,35.22118,128.13028,2021,2
���,�湫����,�湫���� 40-6,35.177959,128.139492,2014,3
���,�湫����,�湫���� 140-6,35.169881,128.138982,2023,4
���,�湫����,�湫���� 289-5,35.175184,128.144642,2023,4
���,�湫����,�湫���� 232,35.178869,128.150994,2014,3
���,���嵿,������ 1583-6,35.19585,128.12808,2021,2
���,�湫����,�湫���� 342,35.172952,128.149708,2023,2
���,�湫����,�湫���� 327-1,35.170452,128.146916,2023,4
���,�湫����,�湫���� 322-4,35.17135,128.147598,2023,3
���,�湫����,�湫���� 265,35.176464,128.152967,2014,5
���,�湫����,�湫���� 245-10,35.177977,128.155276,2014,4
����,�湫����,�湫���� 44,35.173774,128.131766,2022,3
����,�湫����,�湫���� 44,35.172891,128.131251,2022,4
����,�湫����,�湫���� 44,35.169741,128.127304,2022,4
����,�湫����,�湫���� 14,35.178166,128.133685,2022,5
�������ܼ�,��ȣ��,���µ� 2039,35.151305,128.1141,2020,4
�������ܼ�,��ȣ��,���µ� 2073,35.153114,128.199129,2024,2
�������ܼ�,��ȣ��,���µ� 1945,35.154714,128.1137066,2024,4
�������ܼ�,õ����,������ 387,35.183819,128.087526,2024,4
�������ܼ�,��뵿,��뵿 180-2,35.187696,128.117154,2024,4
�������ܼ�,�湫����,�湫���� 225-1,35.1812166,128.1433756,2024,3
�������ܼ�,��ŵ�,��ŵ� 901,35.172715,128.0604,2024,3
�������ܼ�,��ȣ��,���µ� 900,35.158307,128.100515,2024,3
�������ܼ�,��ȣ��,���±�29����,35.156573,128.104649,2024,4
�������ܼ�,��ȣ��,�泲 ���ֽ� ���µ� 2091-3,35.1536,128.121,2024,4
�������ܼ�,��ȣ��,�泲 ���ֽ� ���µ� 1983-1,35.15271,128.109002,2024,4
�������ܼ�,��ȣ��,���ֿ��� 31����,35.1503,128.107101,2024,1
�������ܼ�,�žȵ�,�žȵ� 380,35.184,128.06741,2024,1
���,����,��뵿 898-96,35.179475,128.100779,2021,1
������ȣ,���̸�,���ϸ� 1322,35.118455,128.097354,2021,1
������ȣ,������,���긮 952-16,35.161013,128.139933,2021,2
����,�湫����,�湫���� 44,35.175577,128.132953,2022,4
����,�湫����,�湫���� 112-1,35.17124,128.135189,2022,4
��ܰ���,���̸�,���̸� ���ϸ� 1383-3,35.116275,128.101454,2020,1
��ܰ���,���̸�,���̸� ���ϸ� 1401-6,35.115487,128.106951,2020,1
��ܰ���,���̸�, ���̸� ���ϸ� 1250-3,35.114992,128.107079,2020,1
����,�湫����,�湫���� 112-1,35.171661,128.136417,2022,3
����,�湫����,�湫���� 119-6,35.173031,128.13758,2022,3
����,�湫����,�湫���� 127,35.171052,128.137127,2022,4
����,�湫����,�湫���� 36,35.179287,128.141035,2022,4
����,�湫����,�湫���� 183,35.181351,128.142864,2022,3
����,�湫����,�湫���� 184,35.181219,128.143913,2022,4
����,�湫����,�湫���� 136,35.176649,128.140441,2022,3
����,�湫����,�湫���� 137,35.174425,128.140709,2022,3
����,�湫����,�湫���� 138,35.171163,128.140017,2022,3
������ȣ,��ȣ��,ȣź�� �� 122-3,35.165012,128.119871,2020,1
����,�湫����,�湫���� 287-4,35.176672,128.1439,2022,3
����,�湫����,�湫���� 291,35.174887,128.142751,2022,4
����,�湫����,�湫���� 291,35.172861,128.142559,2022,3
����,�湫����,�湫���� 291,35.170151,128.142024,2022,3
����,�湫����,�湫���� 299,35.17285,128.14523,2022,4
����,�湫����,�湫���� 285,35.174934,128.146871,2022,4
����,�湫����,�湫���� 351,35.174358,128.149983,2022,4
����,�湫����,�湫���� 274,35.176213,128.151652,2022,3
����,�湫����,�湫���� 257,35.176698,128.154813,2022,3
����,�湫����,�湫���� 351,35.174513,128.151886,2022,3
����,�湫����,�湫���� 351,35.173527,128.15361,2022,3
����,�湫����,�湫���� 337-2,35.173527,128.15361,2019,2
�������,�湫����,�湫���� 12,35.18105,128.140423,2014,2
�������,�湫����,�湫���� 194,35.180514,128.148904,2014,1
�������,�湫����,�湫���� 227-3,35.176414,128.145601,2014,1
�������,�湫����,�湫���� 132-2,35.169177,128.13625,2014,1
�������,�湫����,�湫���� 304,35.170107,128.144319,2014,1
��̺�ȣ����,�湫����,�湫���� 125,35.171907,128.137844,2016,3
��̺�ȣ����,�湫����,�湫���� 125,35.171907,128.137844,2016,3
��̺�ȣ����,�湫����,�湫���� 190-1,35.183031,128.149567,2018,2
��̺�ȣ����,�湫����,�湫���� 190-1,35.183526,128.149089,2018,2
��̺�ȣ����,�湫����,�湫���� 87-2,35.168224,128.130561,2018,2
��̺�ȣ����,�湫����,�湫���� 131-1,35.170752,128.135558,2018,2
��̺�ȣ����,�湫����,�湫���� 342,35.172487,128.148808,2019,2
���ι��,�湫����,�湫���� 235,35.179123,128.153511,2020,2
���ι��,�湫����,�湫���� 177,35.185218,128.150172,2020,1
���ι��,�湫����,�湫���� 41,35.176454,128.133145,2020,1
���ι��,�湫����,�湫���� 99 ,35.166872,128.136278,2020,2
���ι��,�湫����,�湫���� 158 ,35.166445,128.137978,2014,2
���ι��,�湫����,�湫���� 5,35.18094,128.133099,2020,2
���ι��,�湫����,�湫���� 69-3,35.16362,128.126781,2020,1
���,�湫����,�湫���� 164,35.1759037,128.1415892,2020,3
���,�湫����,�湫���� 164,35.1759037,128.1415892,2020,3
���,�湫����,�湫���� 164,35.1759037,128.1415892,2020,2
���,�湫����,�湫���� 82-6,35.16907,128.13222,2021,4
����,�湫����,�湫��183,35.1835,128.14612,2021,1
����,�湫����,�湫��183,35.18255,128.14598,2021,1
����,�湫����,�湫��183,35.18242,128.14499,2021,1
������������,������,�������ҹ���416-2,35.177117,128.156663,2021,4
����,�湫����,�湫��183,35.18242,128.14499,2021,2
����,�湫����,�湫��183,35.18336,128.14483,2022,2
����Ʈ��,�湫����,�湫���� 183,35.1833,128.14565,2022,1
����Ʈ��,�湫����,�湫���� 183,35.18294,128.14546,2022,1
����Ʈ��,�湫����,�湫���� 183,35.16808,128.1398,2022,1
����Ʈ��,�湫����,�湫���� 136,35.16838,128.12876,2022,1
����Ʈ��,�湫����,�湫���� 44,35.15967,128.107491,2022,1
����Ʈ������,��뵿,��뵿 310-67,35.184925,128.114404,2022,2
�������,������,������ ���긮 172-2,35.157722,128.070052,2022,2
����Ʈ��,�湫����,�湫���� 224,35.1793,128.14087,2022,1
����Ʈ��,�湫����,�湫���� 8,35.18157,128.13721,2022,1
����Ʈ��,�湫����,�湫���� 291,35.17576,128.14344,2022,1
����Ʈ��,�湫����,�湫���� 350,35.17359,128.15511,2022,1
���,�湫����,�湫���� 246-1 ,35.179016,128.154114,2023,3
���,�ǹ���,�ǹ��� 860-7,35.202689,128.032922,2016,2
���,�ǹ���,��ŵ� 345,35.170033,128.055004,2014,4
���,�ǹ���,��ŵ� 743-9 ,35.168587,128.050312,2018,4
���,�ǹ���,�ǹ��� 268-9 ,35.168245,128.048272,2019,2
����,�ǹ���,��ŵ� 718-1,35.182398,128.064815,2016,2
����,�ǹ���,��ŵ� 736,35.173643,128.058402,2016,2
����,�ǹ���,�ǹ��� 469 ,35.173465,128.036854,2018,2
�������,�ǹ���,��ŵ� 636-13,35.16357,128.05537,2015,3
�������,�ǹ���,��ŵ� 695-323,35.163352,128.054661,2015,3
��̺�ȣ����,�ǹ���,��ŵ� 1065-148,35.165265,128.03974,2022,3
��̺�ȣ����,�ǹ���,��ŵ� 1065-148,35.1645929,128.0396944,2022,1
��̺�ȣ����,�ǹ���,�ǹ��� 290,35.168582,128.045322,2021,2
��̺�ȣ����,�ǹ���,�ǹ��� 290,35.169461,128.044251,2021,2
��̺�ȣ����,�ǹ���,��ŵ� 1125,35.16582,128.047817,2016,3
������ȣ,����,���� �ܸ� 277-22,35.259897,128.152705,2022,2
��̺�ȣ����,�ǹ���,��ŵ� 1125,35.165966,128.049086,2016,4
��̺�ȣ����,�ǹ���,��ŵ� 1125,35.164977,128.047619,2016,4
��̺�ȣ����,�ǹ���,��ŵ� 717-1,35.169248,128.051294,2022,5
��̺�ȣ����,�ǹ���,��ŵ� 717-1,35.1702038,128.0505466,2022,3
��̺�ȣ����,�ǹ���,��ŵ� 717-1,35.168469,128.052004,2022,5
����,�߾ӵ�,������ 28,35.197951,128.098304,2022,1
����,�߾ӵ�,������ 28,35.168128,128.057451,2014,1
��̺�ȣ����,�ǹ���,��ŵ� 800,35.153079,128.105895,2022,3
���,��ȣ��,���µ� 480-7,35.163282,128.108214,2022,3
���,��ȣ��,���µ� 656,35.168451,128.058217,2014,3
��̺�ȣ����,�ǹ���,��ŵ� 800,35.16882,128.05839,2014,1
��̺�ȣ����,�ǹ���,��ŵ� 800,35.218894,128.147338,2022,4
���ι��,�ݻ��,�ݻ�� ��縮 973 ,35.169364,128.055935,2014,4
��̺�ȣ����,�ǹ���,��ŵ� 800,35.16905,128.05189,2021,2
���,�ǹ���,��ŵ� 721-4,35.167661,128.052626,2022,2
����Ʈ������,�ǹ���,��ŵ� 1129,35.17675,128.03544,2022,2
����Ʈ��,�ǹ���,�ǹ��� �� 171-1,35.146503,128.168708,2022,1
���ι��,������,������ �̰ 953-1,35.17556,128.03855,2022,3
����Ʈ��,�ǹ���,�ǹ��� 477,35.265065,128.116129,2022,1
���ι��,��õ��,��õ�� ������ 638-3,35.182608,128.25898,2022,3
���ι��,�����,����� ���̸� 1053,35.1621,128.039391,2021,4
���,�ǹ���,��ŵ� 695-173,35.160163,128.049008,2021,1
���,��뵿,��ŵ� 682-2,35.163047,128.05481,2021,2
���,��뵿,��ŵ� 695-157,35.19321,128.077597,2022,2
���,�����,����� �� 942-2,35.240155,127.917716,2022,4
���ι��,�ǹ���,��ŵ� 1067-7 ,35.168431,128.052954,2022,3
���,�ǹ���,��ŵ� 1075-7 ,35.166657,128.041649,2023,3
���,�ǹ���,��ŵ� 849 ,35.166085,128.058569,2023,4
���,��ŵ�,��ŵ�  162-34,35.175843,128.060865,2013,4
���,��ŵ�,��ŵ� 162-5 ,35.177047,128.061628,2014,2
���,��ŵ�,��ŵ� 749-20,35.174764,128.068177,2023,3
���,�Ϲݼ���,�Ϲݼ��� ��õ�� 300,35.159408,128.2877,2022,2
���,��ŵ�,���ֽ� ��ŵ� 193-4,35.174795,128.06306,2023,4
���,��ŵ�,��ŵ� 338,35.171231,128.056211,2015,2
���,�߾ӵ�,��ȵ� 111,35.197343,128.082731,2022,4
���,������,������ û���� 373-9,35.226333,128.277143,2022,2
���,������,������ ���긮 498-5,35.194513,128.221886,2022,4
���,��ŵ�,��ŵ� 791-1,35.171079,128.063948,2016,4
���ι��,������,������ ������ 324,35.153079,128.105895,2022,6
���,��ŵ�,��ŵ� 778-1,35.171393,128.066094,2016,2
���,��ŵ�,��ŵ� 792-11,35.170126,128.065349,2016,3
���,��ŵ�,��ŵ� 297-7 ,35.172816,128.058875,2017,2
���,õ����,�־ൿ 108-5,35.1749,128.092946,2022,2
���ι��,���嵿,���絿 544-6,35.217328,128.100958,2022,3
���,��ŵ�,��ŵ� 774-7 ,35.172228,128.065247,2017,2
���,��ŵ�,��ŵ� 767-2 ,35.172956,128.067469,2017,2
���,��ŵ�,��ŵ� 841 ,35.165652,128.056957,2019,2
���,��ŵ�,��ŵ� 908,35.171149,128.062057,2022,4
���,��ŵ�,��ŵ� 757-1 ,35.174008,128.067635,2019,2
���,��ŵ�,��ŵ� 196-11,35.173824,128.061802,2019,2
����,��ŵ�,��ŵ� 192-2,35.172483,128.062843,2016,2
����,��ŵ�,��ŵ� 759-4,35.173699,128.06678,2017,3
����,��ŵ�,�žȵ� 887-1,35.182398,128.064815,2016,2
����,��ŵ�,��ŵ� 136-1,35.173643,128.058402,2016,2
����,��ŵ�,��ŵ� 191-2,35.174878,128.063471,2017,2
����,��ŵ�,��ŵ� 960 ,35.168808,128.061353,2018,2
����,��ŵ�,��ŵ� 780-1 ,35.173643,128.058402,2019,4
����,��ŵ�,��ŵ� 896 ,35.169143,128.058499,2019,2
����,��ŵ�,��ŵ� 708-3 ,35.176926,128.07034,2019,3
���,�ݻ��,�ݻ�� �ӻ縮 671-68,35.1863809,128.1364301,2022,2
���,�ݻ��,�ݻ�� �ӻ縮 701-190,35.1924382,128.1334669,2022,2
���,�ݻ��, �ݻ�� �۹鸮 697-1,35.208465,128.1313059,2022,3
���,������,������ ���긮 523-29,35.165432,128.064525,2022,2
���,������,������ ���긮 1066,35.164815,128.062028,2022,2
���,������,������ ���긮 �� 73-2,35.162004,128.058202,2022,2
���,������,������ ��踮 �� 347,35.160039,128.048256,2022,3
����,��ŵ�,��ŵ� 794-2 ,35.171026,128.066776,2019,4
����,��ŵ�,��ŵ� 1065-70 ,35.166716,128.041674,2019,4
���,������,������ ������ 416,35.244542,128.134445,2022,2
����,��ŵ�,��ŵ� 1086-8 ,35.165264,128.040996,2019,2
�������,��ŵ�,��ŵ� 296-2,35.172966,128.06025,2012,3
���,������,������ ��ϸ� 906-1,35.255301,128.069205,2022,2
���,��ŵ�,��ŵ� 1034,35.169786,128.059931,2017,2
���ι��,������,������ ���̸� 459-1,35.215995,128.064446,2022,4
���,������,������ ������ 478,35.241088,128.094729,2022,2
���,������,������ �� 640-1,35.166541,128.165859,2022,3
�������,��ŵ�,��ŵ� 1035,35.170469,128.061081,2017,4
��̺�ȣ����,��ŵ�,��ŵ� 748-4,35.174308,128.067104,2020,3
��̺�ȣ����,��ŵ�,��ŵ� 748-4,35.174472,128.065479,2020,3
��̺�ȣ����,��ŵ�,��ŵ� 748-4,35.175112,128.065767,2020,1
��̺�ȣ����,��ŵ�,��ŵ� 748-4,35.173864,128.064668,2020,1
���ι��,��ŵ�,��ŵ� 194-4,35.174329,128.061052,2015,0
���,��ŵ�,��ŵ� 782-1,35.172275,128.064723,2019,4
������ȣ,���̸�,���̸� ȭ���� 1934-3,35.133004,128.096763,2022,4
������ȣ,���̸�,���̸� ȭ���� 1629-2,35.134306,128.098069,2022,6
������ȣ,������,������ ��踮 252-7,35.153706,128.035401,2022,6
���,�Ϲݼ���,�Ϲݼ��� ��õ�� 897-3,35.174153,128.259198,2022,3
���,�Ϲݼ���,�Ϲݼ��� ��õ�� 897-3,35.174211,128.26136,2022,3
���,������,������ ��踮 146-16,35.153629,128.045349,2022,3
���,������,������ ��踮 152-12,35.153831,128.042979,2022,3
���,������,������ ��踮 154,35.153539,128.042601,2022,3
���,������,������ ��踮 160-3,35.153978,128.041278,2022,3
���,������,������ ��踮 157-1,35.153462,128.040993,2022,2
���,��ŵ�,��ŵ� 1082-5,35.165848,128.04292,2019,3
���,��ŵ�,��ŵ� 787-6,35.170809,128.063211,2019,2
���,��ŵ�,��ŵ� 400-9,35.170735,128.053777,2019,3
����,õ����,���浿 180-8,35.181776,128.077426,2023,2
���,��ŵ�,��ŵ� 381-2,35.171359,128.05483,2019,4
����,õ����,���浿 187-5,35.181086,128.076694,2023,1
���,��ŵ�,��ŵ� 1111-9,35.166809,128.044784,2020,2
����,�����,���ֽ� ����� 420,35.120258,128.081444,2023,1
���,��ŵ�,��ŵ� 1012,35.168416,128.062613,2020,2
����,�����,���ֽ� ����� 401,35.205971,128.081192,2023,1
����,�����,���ֽ� ����� 432-1,35.202995,128.07952,2023,1
����,�߾ӵ�,���ֽ� ���絿 1373,35.207149,128.083046,2023,1
����,�߾ӵ�,���ֽ� ���絿 1268-1,35.206235,128.083829,2023,1
����,�߾ӵ�,���ֽ� ���絿 1392-1,35.204045,128.083292,2023,1
����,��ŵ�,��ŵ� 794.2,35.173295,128.068776,2020,2
����Ʈ��,��ŵ�,��ŵ� 794-2,35.1723,128.06751,2021,1
����,õ����,���浿��16-3,35.183391,128.077492,2023,2
����,õ����,���浿��16-3,35.077498,128.077498,2023,1
����,õ����,���浿��16-3,35.182759,128.077498,2023,2
����,õ����,���浿��16-3,35.18276,128.077499,2023,1
���ι��,��ŵ�,��ŵ� 755-15,35.173287,128.068402,2022,3
���,��ŵ�,��ŵ� 164-9 ,35.176417,128.062008,2023,4
���,��ŵ�,��ŵ� 106-6 ,35.173376,128.057558,2023,3
���,��ŵ�,�žȵ� 396-31,35.18314,128.064108,2023,3
���,������,������ ��� 1072-1 ,35.148005,128.20788,2023,4
���,�ϴ뵿,�ϴ뵿  103-2 ,35.189317,128.12306,2021,2
���,������,������ �λ긮 378 ,35.145971,128.151693,2023,2
���,�ϴ뵿,�ϴ뵿 313-28 ,35.192361,128.119316,2017,4
���,�ϴ뵿,�ϴ뵿 421-11,35.188574,128.115,2018,2
���,�ϴ뵿,�ϴ뵿 323-2,35.191875,128.123246,2016,2
���,�ϴ뵿,�ϴ뵿 329-26,35.190979,128.119355,2016,2
���,���̸�,���̸� ���ϸ� 896 ,35.114794,128.093817,2023,2
���,���̸�,���̸� ���ฮ 241-2 ,35.126369,128.086051,2023,2
���,�ϴ뵿,�ϴ뵿 453-7,35.192852,128.114446,2016,2
���,�ݰ�� ,�ݰ�� �δ㸮 867-2 ,35.111705,128.169112,2023,3
���,�ݰ�� ,�ݰ�� ���ڸ� 148-1,35.123703,128.182272,2023,3
���,�ϴ뵿,�ϴ뵿 301-34,35.193864,128.117765,2016,2
���,�ϴ뵿,�ϴ뵿 135-28,35.187046,128.127523,2016,2
���,�ϴ뵿,�ϴ뵿 103-82,35.191184,128.124543,2016,4
���,������,������ ��õ�� ��76-2 ,35.156158,128.234134,2023,2
���,������,������ ��縮 887-5 ,35.147819,128.253155,2023,3
���,�ϴ뵿,�ϴ뵿 336-44,35.190185,128.120754,2016,5
���,�Ϲݼ���,�Ϲݼ��� ������ 100-3 ,35.167182,128.308209,2023,2
���,�ϴ뵿,�ϴ뵿 117-29 ,35.18727,128.121418,2017,2
���,�ϴ뵿,�ϴ뵿 340-1 ,35.189553,128.116113,2017,2
���,�̹ݼ���,�̹ݼ��� ���̸� 795-5 ,35.183171,128.330854,2023,2
���,�̹ݼ���,�̹ݼ��� ��õ�� 880,35.148745,128.309121,2023,2
���,�ϴ뵿,�ϴ뵿 350-32 ,35.188115,128.119526,2017,2
���,�ϴ뵿,�ϴ뵿 328-21,35.191638,128.118397,2017,2
���,�ϴ뵿,�ϴ뵿 139-43,35.186136,128.124911,2018,2
���,�ϴ뵿,�ϴ뵿 338-4,35.190383,128.122149,2019,3
���,�ϴ뵿,�ϴ뵿 71-9,35.185073,128.121045,2019,2
���,������,������ û���� ��63-7 ,35.223873,128.279486,2023,2
���,������,������ �л縮 1077-3 ,35.234834,128.25112,2023,2
���,������,������ ����� 1052-1 ,35.25329,128.21371,2023,2
���,����,���� ���ϸ� 639-1 ,35.317261,128.160926,2023,2
���,����,���� ���Ÿ� 803-6 ,35.283761,128.165911,2023,2
����,�ϴ뵿,�ϴ뵿 295 ,35.194137,128.120126,2021,2
����,�ϴ뵿,�ϴ뵿 326 ,35.192473,128.124657,2017,4
���,�ݻ�� ,�ݻ�� ��Ƹ� 887-1 ,35.205725,128.156516,2023,3
��̺�ȣ����,�ϴ뵿,�ϴ뵿 601,35.195433,128.112583,2022,3
��̺�ȣ����,�ϴ뵿,�ϴ뵿 343-3,35.189346,128.117075,2021,2
���,������,������ ���̸� 668 ,35.230078,128.058019,2023,2
��̺�ȣ����,�ϴ뵿,�ϴ뵿 343-3,35.190149,128.11833,2021,3
���,������,������ ������ 621 ,35.253036,128.121359,2023,2
���,��õ��,��õ�� ���縮 203-1 ,35.265628,128.129552,2023,2
��̺�ȣ����,�ϴ뵿,�ϴ뵿 343-3,35.190265,128.117065,2021,1
��̺�ȣ����,�ϴ뵿,�ϴ뵿 343-3,35.188867,128.117597,2021,2
���,��õ��,��õ�� �̰ 84-8 ,35.316278,128.113072,2023,2
��̺�ȣ����,�ϴ뵿,�ϴ뵿 343-3,35.190063,128.118631,2021,2
���,������,������ ��� 215 ,35.260317,128.032215,2023,3
���,������,������ �ű⸮ 372 ,35.289932,128.03076,2023,2
���,������,������ ��긮 787-3,35.230652,128.011505,2023,2
���,�����,����� ���̸� 644-2 ,35.197911,127.964781,2023,2
��̺�ȣ����,�ϴ뵿,�ϴ뵿 343-3,35.188563,128.117148,2021,1
��̺�ȣ����,�ϴ뵿,�ϴ뵿 136-18,35.185627,128.119713,2022,5
���,�����,����� ȿ�ڸ�508-2 ,35.194188,127.938025,2023,3
��̺�ȣ����,�ϴ뵿,�ϴ뵿 136-18,35.186543,128.119447,2022,5
���,�����,����� ���ܸ� 227-1 ,35.160421,127.948433,2023,2
��̺�ȣ����,�ϴ뵿,�ϴ뵿 136-18,35.1860424,128.119985,2022,1
��̺�ȣ����,�ϴ뵿,������ 405-1,35.195967,128.123049,2021,4
��̺�ȣ����,�ϴ뵿,������ 405-1,35.19366,128.123157,2021,4
��̺�ȣ����,�ϴ뵿,������ 405-1,35.19366,128.123157,2021,1
��̺�ȣ����,�ϴ뵿,������ 405-1,35.194163,128.125739,2021,1
��̺�ȣ����,�ϴ뵿,�ϴ뵿 119-1,35.186911,128.125009,2020,4
��̺�ȣ����,�ϴ뵿,�ϴ뵿 119-1,35.187319,128.12341,2020,3
��̺�ȣ����,�ϴ뵿,�ϴ뵿 119-1,35.187859,128.123725,2020,1
���ι��,�ϴ뵿,�ϴ뵿 316-6 ,35.192983,128.121968,2017,2
���ι��,�ϴ뵿,�ϴ뵿 571-5 ,35.193031,128.115891,2019,3
���ι��,�ϴ뵿,�ϴ뵿 75-12,35.184844,128.127746,2019,2
���,�ϴ뵿,�ϴ뵿 624-6,35.195312,128.115965,2019,3
���,�ϴ뵿,�ϴ뵿 115-14,35.188129,128.126157,2019,3
���,�ϴ뵿,�ϴ뵿 347-10,35.188885,128.119517,2019,2
���,�ϴ뵿,�ϴ뵿 114-36,35.188441,128.123923,2019,2
���,�ϴ뵿,�ϴ뵿 295,35.193812,128.119883,2019,2
���,�ϴ뵿,�ϴ뵿 139-16,35.185812,128.126138,2019,3
���,�ϴ뵿,�ϴ뵿 111,35.188063,128.128128,2019,4
���,�ϴ뵿,�ϴ뵿 329-18,35.191863,128.120632,2019,4
���ι��,����,���� 269-18 ,35.177219,128.104501,2023,3
���,�ϴ뵿,�ϴ뵿 103-53,35.190461,128.124134,2020,2
���,�ϴ뵿,�ϴ뵿 480-6,35.19117,128.115789,2020,4
���,�ϴ뵿,�ϴ뵿 348,35.189544,128.120941,2020,2
���,�ϴ뵿,�ϴ뵿 330-10,35.19111,128.12198,2021,3
���,�žȵ�,�žȵ� 442-4 ,35.183612,128.069236,2023,2
���,�ϴ뵿,�ϴ뵿 54,35.18616,128.1289,2021,3
���,�ϴ뵿,�ϴ뵿 11-6,35.18997,128.12865,2021,3
����Ʈ��,�ϴ뵿,�ϴ뵿 11-6,35.19029,128.1285,2022,1
���,������,������ 7-45 ,35.197511,128.055989,2023,3
���,�ϴ뵿,�ϴ뵿 72,35.184547,128.122552,2022,5
���,�ϴ뵿,�ϴ뵿 129-4 ,35.187466,128.127094,2022,4
���ι��,�ǹ���,�ǹ��� 230-1,35.171739,128.041685,2023,2
���,�ϴ뵿,�ϴ뵿 139-42,35.185754,128.124975,2022,5
���,��ȣ��,���µ� 1446-13 ,35.156882,128.106315,2023,2
���,�ϴ뵿,�ϴ뵿 627-3,35.194551,128.115379,2022,4
���,�ϴ뵿,��뵿 177-6,35.188653,128.118272,2022,3
���,�ϴ뵿,�ϴ뵿 312-28 ,35.192533,128.117932,2023,3
����,��ȣ��,������ 245-178,35.178737,128.088344,2023,4
���ι��,�ϴ뵿,�ϴ뵿 453-21 ,35.192219,128.114428,2023,2
���,�ϴ뵿,�ϴ뵿 300-2,35.193344,128.115538,2023,4
����,�湫����,������ 245-178,35.178737,128.088344,2023,1
���,�湫����,����� 987-4,35.1994,128.082076,2023,1
����,�湫����,�湫���� 75,35.173934,128.135384,2023,2
���,��ȣ��,���µ� 1431-5,35.160619,128.106871,2023,3
���ι��,��õ��,��õ�� ���渮 949,35.296427,128.120592,2023,2
���,��뵿,��뵿 245-6,35.182019,128.112869,2023,3
���,�����,����� 1097-2,35.195379,128.070155,2023,2
���,�����,�����1344-1,35.204996,128.066916,2023,2
���,�žȵ�,�žȵ� 35-29,35.186847,128.064833,2023,2
���,�̹ݼ���,�̹ݼ��� ��õ�� 1092-5,35.138707,128.30744,2023,2
�������,�߾ӵ�,��뵿 76,35.194717,128.089457,2023,3
���,������,������ �ݰ 355,35.212846,128.257057,2023,2
���,õ����,�־ൿ 422-1,35.171378,128.094715,2023,3
���,õ����,ĥ�ϵ� 524-12,35.183521,128.093448,2023,4
���,���嵿,��뵿 245-26,35.199626,128.106099,2023,3
���,��ŵ�,��ŵ� 751-8,35.174255,128.067311,2023,2
���,õ����,���浿 36-32,35.183977,128.088493,2023,3
���,õ����,���浿 447-39,35.182445,128.088405,2023,3
���,�Ϲݼ���,�Ϲݼ��� ��õ�� 1232-24,35.1803,128.107123,2023,2
���,�Ϲݼ���,�Ϲݼ��� â�̸� 655-1,35.1083,128.10721,2023,2
���,�Ϲݼ���,�Ϲݼ��� â�̸� 758,35.1803,128.10731,2023,1
���,�Ϲݼ���,�Ϲݼ��� â�̸� 471-2,35.180345,128.10742,2023,2
���,�Ϲݼ���,�Ϲݼ��� â�̸� 541-12,35.180345,128.10742,2023,2
���,�Ϲݼ���,�Ϲݼ��� â�̸� 736-4,35.180345,128.10742,2023,2
���,�̹ݼ���,�̹ݼ��� ��õ�� 31-2,35.1556,128.305,2023,3
���,�̹ݼ���,�̹ݼ��� ��õ�� 77-4,35.1556,128.305,2023,3
���,�̹ݼ���,�̹ݼ��� ��õ�� 114-3,35.1556,128.305,2023,3
���,�̹ݼ���,�̹ݼ��� ��õ�� 15-2,35.155627,128.305604,2023,3
���,�̹ݼ���,�̹ݼ��� ��õ�� 25-2,35.155627,128.305604,2023,3
���,�ݻ�� ,�ݻ�� ������ 35-2,35.189374,128.177725,2023,3
���,õ����,�־ൿ 64-2,35.17589,128.093144,2023,2
���,�߾ӵ�,������ 353-19,35.198429,128.091088,2023,2
���,����� ,����� 618-1,35.202935,128.072082,2023,3
���,����� ,����� 1030-18,35.199592,128.074297,2023,4
���,��뵿,��뵿 180-26 ,35.187153,128.115612,2023,3
���,��뵿 ,��뵿 819-1,35.18613,128.100432,2023,2
���,�ϴ뵿,�ϴ뵿 131-1,35.186657,128.12085,2023,6
���ι��,���嵿,������ 409-1,35.20894,128.119341,2023,3
���,��ŵ�,�žȵ� 417-21,35.182856,128.064761,2023,2
���,��ŵ�,�žȵ� 806,35.182856,128.064761,2023,2
���,�žȵ�,�žȵ� 461-20,35.178174,128.059995,2023,3
���,������,������ 28-8,35.190755,128.065029,2023,2
���,��ȣ��,���µ� 711,35.164445,128.107105,2024,2
������ȣ,����,���ֽ� ������ ����� ,35.168174,128.112987,2024,1
������ȣ,������,������ ���긮 65-7,35.161069,128.068568,2024,3
������ȣ,���嵿,������ 1583-14,35.20686,128.126527,2024,3
������ȣ,���嵿,���絿 245,35.202266,128.102578,2024,4
������ȣ,���嵿,���嵿 ����� ������̱�,32.208958,128.102094,2024,3
������ȣ,������,��� 72-1,35.193723,128.063953,2024,1
���,��ȣ��,���µ� ��113-1,35.1637,128.0932,2024,2
���,��ȣ��,���µ� ��113-1,35.1636,128.0958,2024,2
���,��ȣ��,���µ� ��113-1,35.1608,128.0999,2024,1
���,������,������ �󹮸� 1148-24,35.1715575,128.1716967,2024,2
���,������,������ �ҹ��� 780-6,35.1692087,128.1627036,2024,4
���,������,������ �� 1242-11,35.168603,128.1652255,2024,2
���,������,������ �󹮸� 1016-3,35.1719652,128.1780649,2024,4
���,������,������ �� 1265-1,35.1685972,128.1640859,2024,4
���,������,������ �� 1199-10,35.1429815,128.1680645,2024,4
���,������,������ ��踮 959-2,35.1429815,128.0274384,2024,2
���ι��,������,������ ������ 249-4,35.1477542,128.0936502,2024,3
���,������,������ ��踮 619-19,35.151857,128.0345716,2024,4
���,������,������ ���� ��71-6,35.1561581,127.9997924,2024,2
���,������,������ ���� 65,35.1405179,128.021483,2024,3
���,���̸�,���̸� ȭ���� 24-7,35.1425402,128.1226115,2024,3
���,���̸�,���̸� ������ 1382-14,35.1170612,128.135455,2024,3
���,���̸�,���̸� ���ϸ� 279-3,35.1141712,128.0977869,2024,3
���,���̸�,���̸� ������ 1247,35.137812,128.1379743,2024,2
���,������,������ ���̸� 403-1,35.177302,128.221808,2024,2
���,������,������ ���긮 899-7,35.1934477,128.219981,2024,2
���,�Ϲݼ���,�Ϲݼ��� ���긮 473-1,35.14482326,128.2802366,2024,2
���,�Ϲݼ���,�Ϲݼ��� ��õ�� 221-3,35.16195453,128.2756445,2024,2
���,�Ϲݼ���,�Ϲݼ��� ���긮 1218-1,35.1481941,128.2592271,2024,2
���,�Ϲݼ���,�Ϲݼ��� ������ 235,35.18297134,128.2961687,2024,3
���,�̹ݼ���,�̹ݼ��� ���긮 1283-77,35.15655145,128.3195214,2024,2
���,�̹ݼ���,�̹ݼ��� ��ȸ� 1202,35.1896475,128.339096,2024,3
���,�̹ݼ���,�̹ݼ��� ���̸� 223-1,35.18961401,128.3322919,2024,3
���ι��,�̹ݼ���,�̹ݼ��� �ϰ 955-3,35.17208852,128.3301913,2024,2
���,�����,����� �� 1853,35.18472381,128.2870955,2024,3
���,�����,����� ���̸� 117-10,35.17581878,128.2753342,2024,2
���,������,������ û�㸮 612-3,35.2476529,128.2735953,2024,2
���ι��,������,������ û�㸮 1061-1,35.2518169,128.2581279,2024,3
���,������,������ û�㸮 914,35.24900704,128.2800079,2024,3
���,������,������ �л縮 470-5,35.23508,128.2548449,2024,3
���,����,���� �ͷ渮 1127-7,35.25059641,128.1660215,2024,3
���,����,���� �ͷ渮 277-3,35.2693215,128.1828929,2024,3
���,����,���� ���ϸ� 562-3,35.3040379,128.1653656,2024,3
���ι��,�ݻ��,�ݻ�� ��Ƹ� �� 9-1,35.2000119,128.1860529,2024,3
���ι��,�ݻ��,�ݻ�� ��õ�� 1052-1,35.21264145,128.1298798,2024,3
���,�ݻ��,�ݻ�� ��õ�� 629-8,35.2140607,128.1336312,2024,4
���,������,������ ������ 498-12,35.2000199,128.079718,2024,2
���,������,������ ������ 239-1,35.2856168,128.0830099,2024,1
���,������,������ ������ 480-1,35.2456198,128.1287552,2024,2
���,������,������ �Ŵ縮 95-1,35.2266001,128.1214455,2024,3
���,��õ��,��õ�� ȿ�ڸ� 288-2,35.3320945,128.0843378,2024,3
���,��õ��,��õ�� �̰ 80-1,35.3240811,128.1242917,2024,2
���,��õ��,��õ�� �Ȱ��� 487,35.3176453,128.0903321,2024,3
���,������,������ ����� 94-4,35.21178643,128.0400543,2024,4
���,������,������ �ű⸮ 275-5,35.2832872,128.0330871,2024,2
���,������,������ ��긮 450-2,35.225791,128.0240631,2024,2
���,������,������ ���̸� 445-7,35.2643651,127.9937332,2024,2
���,������,������ ����� 534,35.27500641,128.0359691,2024,2
���,�����,����� ���� 708-4,35.2243622,127.9627782,2024,2
���,�����,����� �� 71-1,35.2014,127.927,2024,2
���,�����,����� ��õ�� 273-12 �ݵ���δ�,35.2014228,127.9277747,2024,2
���,õ����,���浿 203-7,35.1809853,128.0773665,2024,2
���,õ����,���浿 69-14,35.182957,128.0830562,2024,2
���,���ϵ�,��� 1-1 ,35.197219,128.0795554,2024,3
���,���ϵ�,��� 24-16,35.1957009,128.076253,2024,2
���,���ϵ�,�λ絿 168,35.1877739,128.0731264,2024,2
���,�߾ӵ�,������ 377-4,35.19329282,128.081568,2024,2
���,�����,����� 1422-11,35.2015292,128.0745855,2024,2
���,��뵿,��뵿 247-8,35.1818553,128.11147,2024,1
���,��뵿,��뵿 238-1,35.184185,128.1157403,2024,3
���,�ϴ뵿,�ϴ뵿 594-4,35.192057,128.113276,2024,3
���,����,���� 219-45,35.1779811,128.1086297,2024,2
���,���嵿,���絿 563-2,35.215131,128.106491,2024,3
���,��ŵ�,��ŵ� 776-10,35.1716349,128.06596,2024,4
���,��ŵ�,�žȵ� 774-7,35.1782043,128.0622414,2024,3
���,��ŵ�,�žȵ� 808-4,35.177,128.0583772,2024,3
���,��ŵ�,��ŵ� 354-4,35.1723628,128.0552231,2024,3
���,�ǹ���,��ŵ� 739-6,35.1692396,128.0494831,2024,2
����,�žȵ�,�žȵ� 446,35.1850789,128.0702503,2024,3
������������,��ȣ��,���µ�2011-1,35.148187,128.105093,2020,1
������������,��ȣ��,���µ�1959,35.152479,128.116304,2020,1
������������,��뵿,��뵿332-6,35.179354,128.101892,2020,1
������������,��뵿,��뵿33-75,35.187153,128.115612,2020,1
������������,��뵿,��뵿296-84,35.179337,128.102072,2020,1
������������,����,����283-1,35.172729,128.100023,2020,2
������������,����,����501,35.16814,128.11302,2020,1
������������,����,����501,35.168357,128.111734,2020,1
������������,�žȵ�,�žȵ�277,35.185285,128.074944,2020,1
������������,���嵿,������1583-22,35.212228,128.124909,2020,1
������������,���嵿,������1583-13,35.210077,128.125713,2020,1
������������,�湫����,�湫����223,35.180271,128.14951,2020,1
������������,�ǹ���,�ǹ���10-1,35.186762,128.047522,2020,3
������������,��ŵ�,��ŵ�602-9,35.168901,128.06441,2020,1
������������,��ŵ�,��ŵ� 215-1,35.170226,128.06308,2020,1
������������,�ϴ뵿,�ϴ뵿312-42,35.192558,128.116819,2020,1
�������,��ȣ��,���µ�2107,35.124195,128.119179,2023,4
�������,��ȣ��,���µ�638-3,35.154953,128.117876,2023,4
�������,��ȣ��,���µ�1949,35.155597,128.116481,2023,3
���,�߾ӵ�,��뵿 106-8,35.191817,128.08549,2024,2
���,�߾ӵ�,��뵿101-14,35.191134,128.085316,2024,2
���,�߾ӵ�,��뵿102-8,35.192201,128.086218,2024,2
���,�߾ӵ�,��뵿91-16,35.199023,128.090002,2024,2
���,�߾ӵ�,��뵿83-2,35.195389,128.088696,2024,2
���,�߾ӵ�,������794-1,35.190888,128.088786,2024,2
���,�߾ӵ�,������796-23,35.191931,128.08559,2024,2
���,�߾ӵ�,������798-2,35.195547,128.088448,2024,2
���,�Ϲݼ���,�Ϲݼ��� â�̸� 660-7,35.1445714,128.2722595,2023,2
���,������,������ �� 1139-1,35.1644901,128.1626653,2023,2
���,������,������ �� 1139-1,35.1644901,128.1626653,2023,2
���,������,������ �� 1139-1,35.1644901,128.1626653,2023,2
���,�̹ݼ���,�̹ݼ��� ����� 15,35.1865003,128.3310209,2023,2
���,�̹ݼ���,�̹ݼ��� ����� 15,35.1865003,128.3310209,2023,2
���,�̹ݼ���,�̹ݼ��� ����� 15,35.1865003,128.3310209,2023,2
���,������,������ ��踮 ��200-16,35.1502697,128.0315972,2023,2
���,������,������ ���� 20-3,35.1396799,128.0261996,2023,3
�б���,õ����,õ���� 175 �����ʵ��б�,35.179698,128.083342,2023,10
�б���,õ����,���ִ��954���� 24 õ���ʵ��б�,35.186065,128.090435,2023,8
�б���,���ϵ�,������36���� 8 �����ʵ��б�,35.194582,128.075051,2023,7
�б���,���ϵ�,���ּ���24���� 7 �����ʵ��б�,35.19329,128.07755,2023,13
�б���,�߾ӵ�,�Ǻ��� 265 �����ʵ��б�,35.19769,128.09099,2023,15
�б���,�����,�Ǻ��� 95-20 �����ʵ��б�,35.199334,128.068419,2023,12
�б���,��뵿,����� 99 �����ʵ��б�,35.183544,128.109378,2023,10
�б���,�ϴ뵿,��ŷ� 324 �����ʵ��б�,35.189696,128.117787,2023,23
�б���,�ϴ뵿,������187���� 13 �����ʵ��б�,35.187685,128.12449,2023,11
�б���,����,������ 959���� 22 �����ʵ��б�,35.173589,128.101396,2023,17
�б���,���嵿,�ʺϷ� 66 �����ʵ��б�,35.214396,128.109722,2023,10
�б���,���嵿,��Ƽ������123���� 19 �ݼ��ʵ��б�,35.1980425,128.1150095,2023,9
�б���,���嵿,�ϴ��105���� 26 �����ʵ��б�,35.19588,128.123475,2023,13
�б���,���嵿,���ֽ� �����Ϸ� �����ʵ��б�,35.207908,128.11445,2023,8
�б���,��ŵ�,����ȣ��84���� 20 �����ʵ��б�,35.165422,128.048416,2023,6
�б���,��ŵ�,����ŷ� 85 �����ʵ��б�,35.168256,128.056952,2023,9
�б���,��ŵ�,���������57���� 19 �����ʵ��б�,35.174888,128.066191,2023,9
�б���,�žȵ�,����ȣ��369���� 3 ���ֱ���μ��ʵ��б�,35.184458,128.067358,2023,12
�б���,�žȵ�,������ 28 �迵�ʵ��б�,35.176322,128.067127,2023,12
�б���,�žȵ�,��ŷ� 139���� 8 �ž��ʵ��б�,35.182927,128.068372,2023,16
�б���,������,��ŷ� 259 �˼��ʵ��б�,35.191132,128.061369,2023,15
�б���,�ǹ���,����ȣ��51���� 16 ����ʵ��б�,35.16931,128.045309,2023,8
�б���,��ȣ��,������ 348 �����ʵ��б�,35.14965,128.103259,2023,16
�б���,��ȣ��,���η� 11 �����ʵ��б�,35.160181,128.108372,2023,12
�б���,��ȣ��,õ���� 64 �־��ʵ��б�,35.172125,128.092133,2023,12
�б���,��ȣ��,���ֿ���73���� 7 ���ϼ��ʵ��б�,35.1513,128.11105,2023,13
�б���,�湫����,���� 173 �����ʵ��б�,35.182841,128.148904,2023,10
�б���,�湫����,��õ���� 119���� 37 �������ʵ��б�,35.171322,128.137142,2023,8
�б���,�湫����,���� 70 �湫���ʵ��б�,35.1735883,128.1499166,2023,9
�б���,������,������ �ҹ��� 11 �����ʵ��б�,35.171453,128.161821,2023,3
�б���,������,���ƻ��1048���� 36 �����б�,35.164277,128.168414,2023,10
�б���,������,������ ��ȯ�� 426 �����ʵ��б�,35.173853,128.067856,2023,9
�б���,���̸�,���̷� 629 �����ʵ��б�,35.137014,128.143315,2023,6
�б���,���̸�,���Ϸ� 50 �����ʵ��б�,35.122817,128.094383,2023,8
�б���,�ݰ��,���ƻ��89���� 11 �ݰ��ʵ��б�,35.089682,128.184853,2023,7
�б���,������,������355���� 10 �����ʵ��б�,35.169982,128.224703,2023,8
�б���,�Ϲݼ���,���η� 2060 �ݼ��ʵ��б�,35.169604,128.285659,2023,9
�б���,�̹ݼ���,������� 762 �̹ݼ��ʵ��б�,35.173245,128.329021,2023,8
�б���,�����,�籺�� 99 ����ʵ��б�,35.189012,128.269413,2023,11
�б���,������,����� 806 �����ʵ��б�,35.233209,128.252786,2023,8
�б���,����,���Ƿ� 970 ����ʵ��б�,35.25789,128.176903,2023,6
�б���,�ݻ��,�ݻ�� 75 �ݻ��ʵ��б�,35.21521548,128.144117,2023,15
�б���,�ݻ��,��õ��67���� 25 ��ȣ�ʵ��б�,35.218937,128.143446,2023,4
�б���,������,������ 271 �����ʵ��б�,35.241867,128.092632,2023,16
�б���,��õ��,�Ȱ��� 18-8 ��õ�ʵ��б�,35.318959,128.088138,2023,4
�б���,������,������� 23 �����ʵ��б�,35.217998,128.039806,2023,6
�б���,�����,����� 1000 �����ʵ��б�,35.200918,128.932103,2023,6
